name,cover,birthday,city
性感长发美女,http://www.meinv.hk/wp-content/themes/Grace/timthumb.php?src=http://www.meinv.hk/wp-content/uploads/2020/10/2020100119522197.jpg&h=300&w=750&zc=1,,
性感短发美女,http://www.meinv.hk/wp-content/themes/Grace/timthumb.php?src=http://www.meinv.hk/wp-content/uploads/2020/10/2020100119510783.jpg&h=300&w=750&zc=1,,
性感吊带美女,http://www.meinv.hk/wp-content/themes/Grace/timthumb.php?src=http://www.meinv.hk/wp-content/uploads/2020/10/2020100119471099.jpg&h=300&w=750&zc=1,,
许允美 허윤미,http://www.meinv.hk/wp-content/themes/Grace/timthumb.php?src=http://www.meinv.hk/wp-content/uploads/2019/10/2019103022265227.jpg&h=300&w=750&zc=1,1986年3月23日,韩国仁川
唯美性感美女,http://www.meinv.hk/wp-content/themes/Grace/timthumb.php?src=http://www.meinv.hk/wp-content/uploads/2020/10/2020100623162553.jpg&h=300&w=750&zc=1,,
清纯迷人美女,http://www.meinv.hk/wp-content/themes/Grace/timthumb.php?src=http://www.meinv.hk/wp-content/uploads/2020/10/2020100119433344.jpg&h=300&w=750&zc=1,,
靓丽性感美女,http://www.meinv.hk/wp-content/themes/Grace/timthumb.php?src=http://www.meinv.hk/wp-content/uploads/2020/10/2020100119415599.jpg&h=300&w=750&zc=1,,
吊带连体裙美女,http://www.meinv.hk/wp-content/themes/Grace/timthumb.php?src=http://www.meinv.hk/wp-content/uploads/2020/10/2020100119395635.jpg&h=300&w=750&zc=1,,
妖娆魅惑美女,http://www.meinv.hk/wp-content/themes/Grace/timthumb.php?src=http://www.meinv.hk/wp-content/uploads/2020/10/2020100119323929.jpg&h=300&w=750&zc=1,,
白衣养眼美女,http://www.meinv.hk/wp-content/themes/Grace/timthumb.php?src=http://www.meinv.hk/wp-content/uploads/2020/10/2020100119295915.jpg&h=300&w=750&zc=1,,
秦海璐,http://www.meinv.hk/wp-content/themes/Grace/timthumb.php?src=http://www.meinv.hk/wp-content/uploads/2020/09/2020092921114030.jpg&h=300&w=750&zc=1,1978年08月11日,辽宁营口
童瑶,http://www.meinv.hk/wp-content/themes/Grace/timthumb.php?src=http://www.meinv.hk/wp-content/uploads/2020/09/2020091518524220.jpg&h=300&w=750&zc=1,1985年08月11日,云南昆明
傅淼,http://www.meinv.hk/wp-content/themes/Grace/timthumb.php?src=http://www.meinv.hk/wp-content/uploads/2020/09/2020091518495881.jpg&h=300&w=750&zc=1,1980年08月11日,山东青岛
吕佳容,http://www.meinv.hk/wp-content/themes/Grace/timthumb.php?src=http://www.meinv.hk/wp-content/uploads/2020/08/2020082617010430.jpg&h=300&w=750&zc=1,1984年07月05日,山东
申世京,http://www.meinv.hk/wp-content/themes/Grace/timthumb.php?src=http://www.meinv.hk/wp-content/uploads/2020/08/2020082616563394.jpg&h=300&w=750&zc=1,1990年07月29日,韩国首尔
金智秀,http://www.meinv.hk/wp-content/themes/Grace/timthumb.php?src=http://www.meinv.hk/wp-content/uploads/2020/08/2020082616524313.jpg&h=300&w=750&zc=1,1995年01月03日,韩国果川
朴敏英,http://www.meinv.hk/wp-content/themes/Grace/timthumb.php?src=http://www.meinv.hk/wp-content/uploads/2020/08/2020082616444832.jpg&h=300&w=750&zc=1,1986年03月04日,韩国首尔
金智媛 김지원 Kim Ji Won,http://www.meinv.hk/wp-content/themes/Grace/timthumb.php?src=http://www.meinv.hk/wp-content/uploads/2020/08/2020082517244971.jpg&h=300&w=750&zc=1,1992年10月19日,韩国首尔
朴信惠,http://www.meinv.hk/wp-content/themes/Grace/timthumb.php?src=http://www.meinv.hk/wp-content/uploads/2020/08/2020082408450453.jpg&h=300&w=750&zc=1,1990年02月18日,韩国光州
闵孝琳,http://www.meinv.hk/wp-content/themes/Grace/timthumb.php?src=http://www.meinv.hk/wp-content/uploads/2020/08/2020082408410158.jpg&h=300&w=750&zc=1,1986年02月05日,韩国大邱
左小青,http://www.meinv.hk/wp-content/themes/Grace/timthumb.php?src=http://www.meinv.hk/wp-content/uploads/2020/08/2020082408011832.jpg&h=300&w=750&zc=1,1977年06月25日,湖南长沙
张佳宁,http://www.meinv.hk/wp-content/themes/Grace/timthumb.php?src=http://www.meinv.hk/wp-content/uploads/2020/08/2020082407391714.jpg&h=300&w=750&zc=1,1989年05月26日,吉林辽源
王子文,http://www.meinv.hk/wp-content/themes/Grace/timthumb.php?src=http://www.meinv.hk/wp-content/uploads/2020/08/2020082317300410.jpg&h=300&w=750&zc=1,1987年02月28日,四川成都
赵露思,http://www.meinv.hk/wp-content/themes/Grace/timthumb.php?src=http://www.meinv.hk/wp-content/uploads/2020/08/2020081620362395.jpg&h=300&w=750&zc=1,98年11月09日,四川成都
杨童舒,http://www.meinv.hk/wp-content/themes/Grace/timthumb.php?src=http://www.meinv.hk/wp-content/uploads/2020/08/2020081620333355.jpg&h=300&w=750&zc=1,75年05月07日,吉林
黄奕,http://www.meinv.hk/wp-content/themes/Grace/timthumb.php?src=http://www.meinv.hk/wp-content/uploads/2020/08/2020081620304764.jpg&h=300&w=750&zc=1,77年09月13日,中国上海
秦子越,http://www.meinv.hk/wp-content/themes/Grace/timthumb.php?src=http://www.meinv.hk/wp-content/uploads/2020/08/2020081620261148.jpg&h=300&w=750&zc=1,1987年9月13日,中国
连俞涵,http://www.meinv.hk/wp-content/themes/Grace/timthumb.php?src=http://www.meinv.hk/wp-content/uploads/2020/08/2020081620230697.jpg&h=300&w=750&zc=1,1987年11月26日,台湾
葛施敏,http://www.meinv.hk/wp-content/themes/Grace/timthumb.php?src=http://www.meinv.hk/wp-content/uploads/2020/08/2020081020480254.jpg&h=300&w=750&zc=1,1996年09月10日,浙江杭州
袁雨萱,http://www.meinv.hk/wp-content/themes/Grace/timthumb.php?src=http://www.meinv.hk/wp-content/uploads/2020/08/2020081020452179.jpg&h=300&w=750&zc=1,1997年07月08日,上海
魏小也,http://www.meinv.hk/wp-content/themes/Grace/timthumb.php?src=http://www.meinv.hk/wp-content/uploads/2020/08/2020081017181067.jpg&h=300&w=750&zc=1,1992年12月21日,中国大陆
宋妍霏,http://www.meinv.hk/wp-content/themes/Grace/timthumb.php?src=http://www.meinv.hk/wp-content/uploads/2020/08/2020081017115011.jpg&h=300&w=750&zc=1,1995年10月22日,澳大利亚
张月,http://www.meinv.hk/wp-content/themes/Grace/timthumb.php?src=http://www.meinv.hk/wp-content/uploads/2020/08/2020081017095187.jpg&h=300&w=750&zc=1,1994年09月14日,北京
甘露,http://www.meinv.hk/wp-content/themes/Grace/timthumb.php?src=http://www.meinv.hk/wp-content/uploads/2020/08/2020080316574617.jpg&h=300&w=750&zc=1,09月16日,江西南昌
李兰迪,http://www.meinv.hk/wp-content/themes/Grace/timthumb.php?src=http://www.meinv.hk/wp-content/uploads/2020/08/2020080316514688.jpg&h=300&w=750&zc=1,1999年09月02日,北京
金宝拉 BORA KIM,http://www.meinv.hk/wp-content/themes/Grace/timthumb.php?src=http://www.meinv.hk/wp-content/uploads/2020/08/2020080316452546.jpg&h=300&w=750&zc=1,1995年09月28日,韩国
金美辛,http://www.meinv.hk/wp-content/themes/Grace/timthumb.php?src=http://www.meinv.hk/wp-content/uploads/2020/08/2020080316355544.jpg&h=300&w=750&zc=1,1989年08月21日,山东烟台
林鹏,http://www.meinv.hk/wp-content/themes/Grace/timthumb.php?src=http://www.meinv.hk/wp-content/uploads/2020/07/2020072920400082.jpg&h=300&w=750&zc=1,1986年10月25日,辽宁大连
李颖芝,http://www.meinv.hk/wp-content/themes/Grace/timthumb.php?src=http://www.meinv.hk/wp-content/uploads/2020/07/2020072620344017.jpg&h=300&w=750&zc=1,1986年04月25日,山东青岛
周韦彤,http://www.meinv.hk/wp-content/themes/Grace/timthumb.php?src=http://www.meinv.hk/wp-content/uploads/2020/07/2020072620130383.jpg&h=300&w=750&zc=1,1982年08月26日,贵州黔东
翟凌(兽兽),http://www.meinv.hk/wp-content/themes/Grace/timthumb.php?src=http://www.meinv.hk/wp-content/uploads/2020/07/2020072620000329.jpg&h=300&w=750&zc=1,1987年08月18日,山东济南
许晴,http://www.meinv.hk/wp-content/themes/Grace/timthumb.php?src=http://www.meinv.hk/wp-content/uploads/2020/07/2020071920495311.jpg&h=300&w=750&zc=1,1969年01月22日,北京
方安娜,http://www.meinv.hk/wp-content/themes/Grace/timthumb.php?src=http://www.meinv.hk/wp-content/uploads/2020/07/2020071616551183.jpg&h=300&w=750&zc=1,1988年05月19日,江西九江
秦岚,http://www.meinv.hk/wp-content/themes/Grace/timthumb.php?src=http://www.meinv.hk/wp-content/uploads/2020/07/2020071615270598.jpg&h=300&w=750&zc=1,1979年07月17日,辽宁沈阳
姚芊羽,http://www.meinv.hk/wp-content/themes/Grace/timthumb.php?src=http://www.meinv.hk/wp-content/uploads/2020/06/2020061921171436.jpg&h=300&w=750&zc=1,1979年12月03日,湖南岳阳
颜丹晨,http://www.meinv.hk/wp-content/themes/Grace/timthumb.php?src=http://www.meinv.hk/wp-content/uploads/2020/06/2020061712143081.jpg&h=300&w=750&zc=1,1978年03月09日,湖南湘潭
梁洁,http://www.meinv.hk/wp-content/themes/Grace/timthumb.php?src=http://www.meinv.hk/wp-content/uploads/2020/06/2020061616582432.jpg&h=300&w=750&zc=1,1994年06月16日,中国河北
郭晓婷,http://www.meinv.hk/wp-content/themes/Grace/timthumb.php?src=http://www.meinv.hk/wp-content/uploads/2020/06/2020061608322872.jpg&h=300&w=750&zc=1,1993年01月02日,上海长宁
佐佐木希,http://www.meinv.hk/wp-content/themes/Grace/timthumb.php?src=http://www.meinv.hk/wp-content/uploads/2020/06/2020061410264051.jpg&h=300&w=750&zc=1,1988年02月08日,日本秋田
郁可唯,http://www.meinv.hk/wp-content/themes/Grace/timthumb.php?src=http://www.meinv.hk/wp-content/uploads/2020/03/2020032822510448.jpg&h=300&w=750&zc=1,1983年10月23日,成都
性感长发美女,http://www.meinv.hk/wp-content/themes/Grace/timthumb.php?src=http://www.meinv.hk/wp-content/uploads/2020/10/2020100119522197.jpg&h=300&w=750&zc=1,,
秦海璐,http://www.meinv.hk/wp-content/themes/Grace/timthumb.php?src=http://www.meinv.hk/wp-content/uploads/2020/09/2020092921114030.jpg&h=300&w=750&zc=1,1978年08月11日,辽宁营口
性感长发美女,http://www.meinv.hk/wp-content/themes/Grace/timthumb.php?src=http://www.meinv.hk/wp-content/uploads/2020/10/2020100119522197.jpg&h=300&w=750&zc=1,,
秦海璐,http://www.meinv.hk/wp-content/themes/Grace/timthumb.php?src=http://www.meinv.hk/wp-content/uploads/2020/09/2020092921114030.jpg&h=300&w=750&zc=1,1978年08月11日,辽宁营口
性感长发美女,http://www.meinv.hk/wp-content/themes/Grace/timthumb.php?src=http://www.meinv.hk/wp-content/uploads/2020/10/2020100119522197.jpg&h=300&w=750&zc=1,,
性感短发美女,http://www.meinv.hk/wp-content/themes/Grace/timthumb.php?src=http://www.meinv.hk/wp-content/uploads/2020/10/2020100119510783.jpg&h=300&w=750&zc=1,,
性感吊带美女,http://www.meinv.hk/wp-content/themes/Grace/timthumb.php?src=http://www.meinv.hk/wp-content/uploads/2020/10/2020100119471099.jpg&h=300&w=750&zc=1,,
许允美 허윤미,http://www.meinv.hk/wp-content/themes/Grace/timthumb.php?src=http://www.meinv.hk/wp-content/uploads/2019/10/2019103022265227.jpg&h=300&w=750&zc=1,1986年3月23日,韩国仁川
唯美性感美女,http://www.meinv.hk/wp-content/themes/Grace/timthumb.php?src=http://www.meinv.hk/wp-content/uploads/2020/10/2020100623162553.jpg&h=300&w=750&zc=1,,
清纯迷人美女,http://www.meinv.hk/wp-content/themes/Grace/timthumb.php?src=http://www.meinv.hk/wp-content/uploads/2020/10/2020100119433344.jpg&h=300&w=750&zc=1,,
靓丽性感美女,http://www.meinv.hk/wp-content/themes/Grace/timthumb.php?src=http://www.meinv.hk/wp-content/uploads/2020/10/2020100119415599.jpg&h=300&w=750&zc=1,,
吊带连体裙美女,http://www.meinv.hk/wp-content/themes/Grace/timthumb.php?src=http://www.meinv.hk/wp-content/uploads/2020/10/2020100119395635.jpg&h=300&w=750&zc=1,,
妖娆魅惑美女,http://www.meinv.hk/wp-content/themes/Grace/timthumb.php?src=http://www.meinv.hk/wp-content/uploads/2020/10/2020100119323929.jpg&h=300&w=750&zc=1,,
白衣养眼美女,http://www.meinv.hk/wp-content/themes/Grace/timthumb.php?src=http://www.meinv.hk/wp-content/uploads/2020/10/2020100119295915.jpg&h=300&w=750&zc=1,,
秦海璐,http://www.meinv.hk/wp-content/themes/Grace/timthumb.php?src=http://www.meinv.hk/wp-content/uploads/2020/09/2020092921114030.jpg&h=300&w=750&zc=1,1978年08月11日,辽宁营口
童瑶,http://www.meinv.hk/wp-content/themes/Grace/timthumb.php?src=http://www.meinv.hk/wp-content/uploads/2020/09/2020091518524220.jpg&h=300&w=750&zc=1,1985年08月11日,云南昆明
傅淼,http://www.meinv.hk/wp-content/themes/Grace/timthumb.php?src=http://www.meinv.hk/wp-content/uploads/2020/09/2020091518495881.jpg&h=300&w=750&zc=1,1980年08月11日,山东青岛
吕佳容,http://www.meinv.hk/wp-content/themes/Grace/timthumb.php?src=http://www.meinv.hk/wp-content/uploads/2020/08/2020082617010430.jpg&h=300&w=750&zc=1,1984年07月05日,山东
申世京,http://www.meinv.hk/wp-content/themes/Grace/timthumb.php?src=http://www.meinv.hk/wp-content/uploads/2020/08/2020082616563394.jpg&h=300&w=750&zc=1,1990年07月29日,韩国首尔
金智秀,http://www.meinv.hk/wp-content/themes/Grace/timthumb.php?src=http://www.meinv.hk/wp-content/uploads/2020/08/2020082616524313.jpg&h=300&w=750&zc=1,1995年01月03日,韩国果川
朴敏英,http://www.meinv.hk/wp-content/themes/Grace/timthumb.php?src=http://www.meinv.hk/wp-content/uploads/2020/08/2020082616444832.jpg&h=300&w=750&zc=1,1986年03月04日,韩国首尔
金智媛 김지원 Kim Ji Won,http://www.meinv.hk/wp-content/themes/Grace/timthumb.php?src=http://www.meinv.hk/wp-content/uploads/2020/08/2020082517244971.jpg&h=300&w=750&zc=1,1992年10月19日,韩国首尔
朴信惠,http://www.meinv.hk/wp-content/themes/Grace/timthumb.php?src=http://www.meinv.hk/wp-content/uploads/2020/08/2020082408450453.jpg&h=300&w=750&zc=1,1990年02月18日,韩国光州
闵孝琳,http://www.meinv.hk/wp-content/themes/Grace/timthumb.php?src=http://www.meinv.hk/wp-content/uploads/2020/08/2020082408410158.jpg&h=300&w=750&zc=1,1986年02月05日,韩国大邱
左小青,http://www.meinv.hk/wp-content/themes/Grace/timthumb.php?src=http://www.meinv.hk/wp-content/uploads/2020/08/2020082408011832.jpg&h=300&w=750&zc=1,1977年06月25日,湖南长沙
性感长发美女,http://www.meinv.hk/wp-content/themes/Grace/timthumb.php?src=http://www.meinv.hk/wp-content/uploads/2020/10/2020100119522197.jpg&h=300&w=750&zc=1,,
性感短发美女,http://www.meinv.hk/wp-content/themes/Grace/timthumb.php?src=http://www.meinv.hk/wp-content/uploads/2020/10/2020100119510783.jpg&h=300&w=750&zc=1,,
性感吊带美女,http://www.meinv.hk/wp-content/themes/Grace/timthumb.php?src=http://www.meinv.hk/wp-content/uploads/2020/10/2020100119471099.jpg&h=300&w=750&zc=1,,
许允美 허윤미,http://www.meinv.hk/wp-content/themes/Grace/timthumb.php?src=http://www.meinv.hk/wp-content/uploads/2019/10/2019103022265227.jpg&h=300&w=750&zc=1,1986年3月23日,韩国仁川
唯美性感美女,http://www.meinv.hk/wp-content/themes/Grace/timthumb.php?src=http://www.meinv.hk/wp-content/uploads/2020/10/2020100623162553.jpg&h=300&w=750&zc=1,,
清纯迷人美女,http://www.meinv.hk/wp-content/themes/Grace/timthumb.php?src=http://www.meinv.hk/wp-content/uploads/2020/10/2020100119433344.jpg&h=300&w=750&zc=1,,
靓丽性感美女,http://www.meinv.hk/wp-content/themes/Grace/timthumb.php?src=http://www.meinv.hk/wp-content/uploads/2020/10/2020100119415599.jpg&h=300&w=750&zc=1,,
吊带连体裙美女,http://www.meinv.hk/wp-content/themes/Grace/timthumb.php?src=http://www.meinv.hk/wp-content/uploads/2020/10/2020100119395635.jpg&h=300&w=750&zc=1,,
妖娆魅惑美女,http://www.meinv.hk/wp-content/themes/Grace/timthumb.php?src=http://www.meinv.hk/wp-content/uploads/2020/10/2020100119323929.jpg&h=300&w=750&zc=1,,
白衣养眼美女,http://www.meinv.hk/wp-content/themes/Grace/timthumb.php?src=http://www.meinv.hk/wp-content/uploads/2020/10/2020100119295915.jpg&h=300&w=750&zc=1,,
秦海璐,http://www.meinv.hk/wp-content/themes/Grace/timthumb.php?src=http://www.meinv.hk/wp-content/uploads/2020/09/2020092921114030.jpg&h=300&w=750&zc=1,1978年08月11日,辽宁营口
童瑶,http://www.meinv.hk/wp-content/themes/Grace/timthumb.php?src=http://www.meinv.hk/wp-content/uploads/2020/09/2020091518524220.jpg&h=300&w=750&zc=1,1985年08月11日,云南昆明
傅淼,http://www.meinv.hk/wp-content/themes/Grace/timthumb.php?src=http://www.meinv.hk/wp-content/uploads/2020/09/2020091518495881.jpg&h=300&w=750&zc=1,1980年08月11日,山东青岛
吕佳容,http://www.meinv.hk/wp-content/themes/Grace/timthumb.php?src=http://www.meinv.hk/wp-content/uploads/2020/08/2020082617010430.jpg&h=300&w=750&zc=1,1984年07月05日,山东
申世京,http://www.meinv.hk/wp-content/themes/Grace/timthumb.php?src=http://www.meinv.hk/wp-content/uploads/2020/08/2020082616563394.jpg&h=300&w=750&zc=1,1990年07月29日,韩国首尔
金智秀,http://www.meinv.hk/wp-content/themes/Grace/timthumb.php?src=http://www.meinv.hk/wp-content/uploads/2020/08/2020082616524313.jpg&h=300&w=750&zc=1,1995年01月03日,韩国果川
朴敏英,http://www.meinv.hk/wp-content/themes/Grace/timthumb.php?src=http://www.meinv.hk/wp-content/uploads/2020/08/2020082616444832.jpg&h=300&w=750&zc=1,1986年03月04日,韩国首尔
金智媛 김지원 Kim Ji Won,http://www.meinv.hk/wp-content/themes/Grace/timthumb.php?src=http://www.meinv.hk/wp-content/uploads/2020/08/2020082517244971.jpg&h=300&w=750&zc=1,1992年10月19日,韩国首尔
朴信惠,http://www.meinv.hk/wp-content/themes/Grace/timthumb.php?src=http://www.meinv.hk/wp-content/uploads/2020/08/2020082408450453.jpg&h=300&w=750&zc=1,1990年02月18日,韩国光州
闵孝琳,http://www.meinv.hk/wp-content/themes/Grace/timthumb.php?src=http://www.meinv.hk/wp-content/uploads/2020/08/2020082408410158.jpg&h=300&w=750&zc=1,1986年02月05日,韩国大邱
左小青,http://www.meinv.hk/wp-content/themes/Grace/timthumb.php?src=http://www.meinv.hk/wp-content/uploads/2020/08/2020082408011832.jpg&h=300&w=750&zc=1,1977年06月25日,湖南长沙
张佳宁,http://www.meinv.hk/wp-content/themes/Grace/timthumb.php?src=http://www.meinv.hk/wp-content/uploads/2020/08/2020082407391714.jpg&h=300&w=750&zc=1,1989年05月26日,吉林辽源
王子文,http://www.meinv.hk/wp-content/themes/Grace/timthumb.php?src=http://www.meinv.hk/wp-content/uploads/2020/08/2020082317300410.jpg&h=300&w=750&zc=1,1987年02月28日,四川成都
赵露思,http://www.meinv.hk/wp-content/themes/Grace/timthumb.php?src=http://www.meinv.hk/wp-content/uploads/2020/08/2020081620362395.jpg&h=300&w=750&zc=1,98年11月09日,四川成都
杨童舒,http://www.meinv.hk/wp-content/themes/Grace/timthumb.php?src=http://www.meinv.hk/wp-content/uploads/2020/08/2020081620333355.jpg&h=300&w=750&zc=1,75年05月07日,吉林
黄奕,http://www.meinv.hk/wp-content/themes/Grace/timthumb.php?src=http://www.meinv.hk/wp-content/uploads/2020/08/2020081620304764.jpg&h=300&w=750&zc=1,77年09月13日,中国上海
秦子越,http://www.meinv.hk/wp-content/themes/Grace/timthumb.php?src=http://www.meinv.hk/wp-content/uploads/2020/08/2020081620261148.jpg&h=300&w=750&zc=1,1987年9月13日,中国
连俞涵,http://www.meinv.hk/wp-content/themes/Grace/timthumb.php?src=http://www.meinv.hk/wp-content/uploads/2020/08/2020081620230697.jpg&h=300&w=750&zc=1,1987年11月26日,台湾
葛施敏,http://www.meinv.hk/wp-content/themes/Grace/timthumb.php?src=http://www.meinv.hk/wp-content/uploads/2020/08/2020081020480254.jpg&h=300&w=750&zc=1,1996年09月10日,浙江杭州
袁雨萱,http://www.meinv.hk/wp-content/themes/Grace/timthumb.php?src=http://www.meinv.hk/wp-content/uploads/2020/08/2020081020452179.jpg&h=300&w=750&zc=1,1997年07月08日,上海
魏小也,http://www.meinv.hk/wp-content/themes/Grace/timthumb.php?src=http://www.meinv.hk/wp-content/uploads/2020/08/2020081017181067.jpg&h=300&w=750&zc=1,1992年12月21日,中国大陆
宋妍霏,http://www.meinv.hk/wp-content/themes/Grace/timthumb.php?src=http://www.meinv.hk/wp-content/uploads/2020/08/2020081017115011.jpg&h=300&w=750&zc=1,1995年10月22日,澳大利亚
张月,http://www.meinv.hk/wp-content/themes/Grace/timthumb.php?src=http://www.meinv.hk/wp-content/uploads/2020/08/2020081017095187.jpg&h=300&w=750&zc=1,1994年09月14日,北京
甘露,http://www.meinv.hk/wp-content/themes/Grace/timthumb.php?src=http://www.meinv.hk/wp-content/uploads/2020/08/2020080316574617.jpg&h=300&w=750&zc=1,09月16日,江西南昌
李兰迪,http://www.meinv.hk/wp-content/themes/Grace/timthumb.php?src=http://www.meinv.hk/wp-content/uploads/2020/08/2020080316514688.jpg&h=300&w=750&zc=1,1999年09月02日,北京
金宝拉 BORA KIM,http://www.meinv.hk/wp-content/themes/Grace/timthumb.php?src=http://www.meinv.hk/wp-content/uploads/2020/08/2020080316452546.jpg&h=300&w=750&zc=1,1995年09月28日,韩国
金美辛,http://www.meinv.hk/wp-content/themes/Grace/timthumb.php?src=http://www.meinv.hk/wp-content/uploads/2020/08/2020080316355544.jpg&h=300&w=750&zc=1,1989年08月21日,山东烟台
林鹏,http://www.meinv.hk/wp-content/themes/Grace/timthumb.php?src=http://www.meinv.hk/wp-content/uploads/2020/07/2020072920400082.jpg&h=300&w=750&zc=1,1986年10月25日,辽宁大连
李颖芝,http://www.meinv.hk/wp-content/themes/Grace/timthumb.php?src=http://www.meinv.hk/wp-content/uploads/2020/07/2020072620344017.jpg&h=300&w=750&zc=1,1986年04月25日,山东青岛
周韦彤,http://www.meinv.hk/wp-content/themes/Grace/timthumb.php?src=http://www.meinv.hk/wp-content/uploads/2020/07/2020072620130383.jpg&h=300&w=750&zc=1,1982年08月26日,贵州黔东
翟凌(兽兽),http://www.meinv.hk/wp-content/themes/Grace/timthumb.php?src=http://www.meinv.hk/wp-content/uploads/2020/07/2020072620000329.jpg&h=300&w=750&zc=1,1987年08月18日,山东济南
许晴,http://www.meinv.hk/wp-content/themes/Grace/timthumb.php?src=http://www.meinv.hk/wp-content/uploads/2020/07/2020071920495311.jpg&h=300&w=750&zc=1,1969年01月22日,北京
方安娜,http://www.meinv.hk/wp-content/themes/Grace/timthumb.php?src=http://www.meinv.hk/wp-content/uploads/2020/07/2020071616551183.jpg&h=300&w=750&zc=1,1988年05月19日,江西九江
秦岚,http://www.meinv.hk/wp-content/themes/Grace/timthumb.php?src=http://www.meinv.hk/wp-content/uploads/2020/07/2020071615270598.jpg&h=300&w=750&zc=1,1979年07月17日,辽宁沈阳
姚芊羽,http://www.meinv.hk/wp-content/themes/Grace/timthumb.php?src=http://www.meinv.hk/wp-content/uploads/2020/06/2020061921171436.jpg&h=300&w=750&zc=1,1979年12月03日,湖南岳阳
颜丹晨,http://www.meinv.hk/wp-content/themes/Grace/timthumb.php?src=http://www.meinv.hk/wp-content/uploads/2020/06/2020061712143081.jpg&h=300&w=750&zc=1,1978年03月09日,湖南湘潭
梁洁,http://www.meinv.hk/wp-content/themes/Grace/timthumb.php?src=http://www.meinv.hk/wp-content/uploads/2020/06/2020061616582432.jpg&h=300&w=750&zc=1,1994年06月16日,中国河北
郭晓婷,http://www.meinv.hk/wp-content/themes/Grace/timthumb.php?src=http://www.meinv.hk/wp-content/uploads/2020/06/2020061608322872.jpg&h=300&w=750&zc=1,1993年01月02日,上海长宁
佐佐木希,http://www.meinv.hk/wp-content/themes/Grace/timthumb.php?src=http://www.meinv.hk/wp-content/uploads/2020/06/2020061410264051.jpg&h=300&w=750&zc=1,1988年02月08日,日本秋田
郁可唯,http://www.meinv.hk/wp-content/themes/Grace/timthumb.php?src=http://www.meinv.hk/wp-content/uploads/2020/03/2020032822510448.jpg&h=300&w=750&zc=1,1983年10月23日,成都
杨千嬅,http://www.meinv.hk/wp-content/themes/Grace/timthumb.php?src=http://www.meinv.hk/wp-content/uploads/2020/03/2020030916331794.jpg&h=300&w=750&zc=1,1974年02月03日,香港
哈尼克孜,http://www.meinv.hk/wp-content/themes/Grace/timthumb.php?src=http://www.meinv.hk/wp-content/uploads/2020/03/2020030917430186.jpg&h=300&w=750&zc=1,1996年01月29日,乌鲁木齐
彭小苒,http://www.meinv.hk/wp-content/themes/Grace/timthumb.php?src=http://www.meinv.hk/wp-content/uploads/2020/03/2020030917182951.jpg&h=300&w=750&zc=1,1990年12月03日,北京
唐艺昕,http://www.meinv.hk/wp-content/themes/Grace/timthumb.php?src=http://www.meinv.hk/wp-content/uploads/2020/03/2020030918595087.jpg&h=300&w=750&zc=1,1987年10月09日,四川遂宁
