seg_id,content

6f7caa7b33b74adbbcf86c9466ac4d35,"千仞雪脸上并没有绝望的神色，正相反，她的神色很平静，甚至是安详。<br>她用自己全部的力量，甚至是破碎了神位的力量发动了那最后的一击，此时，她心中默默的诉说着，比比东，你给予了我生命，我也用自己生命的代价偿还了你。我不再欠你。<br>血色的修罗魔剑，仿佛恒古杀神降临一般，别说已经不再是
        "

ad77eed1e96e4488b438e4115fca6b29,"将唐三轰飞的同时，比比东身体也是一阵晃动，哇的一声，喷出一口紫黑色的鲜血。但是，嘉陵关城头上观战的众人却都明白，这场战斗的结局已经注定了。<br>唐三的身体在空中倒飞，全身都不断有那紫色的电光闪烁着，恐怖的怨念正疯狂的冲击着他的神念，逼迫的他只能全力以赴的硬顶，凭借自己要高于比比东的神念
        "

0eb118b19c0a4681b11cdb97eb95e546,"比比东有些不敢相信自己的眼睛，三天的时间，不论是她还是千仞雪，凭借着强大的神力，她们的实力都已经完全恢复。但是，她却怎么也想不到，在这战场之中，竟然会再见到唐三。那原本应该已经魂飞魄散的海神。<br>“我就知道，他不会那么容易死的。”不知道为什么，再次看到唐三，千仞雪反而有一种如释重负的
        "

50b71254d7b24f0981b28b0a909efbe7,"奥斯卡和宁荣荣都在苦苦支撑着，他们已经将自己所有的能量全部燃烧起来，凝聚在一起，支撑着那降临的两大神诋释放神力。但是，正所谓人力有时尽，他们的意念再执着，能量也终究是有限的。眼看着复活的机会就在眼前，可他们所释放的魂力却已经再无法支持下去。两大神诋随时都有脱离的可能。<br>怎么办？怎么
        "

646f513d55da40adbad083916abca65e,"宁荣荣和奥斯卡对望了一眼，他们都看出了对方眼中的那份坚决。他们并没有告诉这些所有关注着唐三的人们，其实，对于复活唐三，他们甚至连半分把握都没有。<br>先前，当他们双手相握，出现那奇异光彩的时候，没错，他们心中都得到了提示。他们也没有说谎。十万年第九魂技的第二技能，正是武魂融合技复活
        "

2302b0e558964d1996a3fa0e71540073,"在小舞惊呼出声的同时，唐三和比比东最后的碰撞已经发生。<br>剑斗罗和骨斗罗并没有白死，他们的攻击虽然没能给比比东带来任何伤害，但毫无疑问，两位封号斗罗全力以赴的攻击还是令比比东要分神面对，控制那九柄魔镰也需要相当的神念和神力作为后盾，才能彻底击杀这两大强者。<br>比比东并没想到
        "

5dd647e5e23c4790910d0c75c7780cb7,"首先说一句，今天章节上的大结局指的是斗罗最后一集，不是最后一章。汗一下。这个标题本来是给繁体出版社写的，早上老婆传书就直接给放上去了，要是让大家误解了，小三先道歉。斗罗进入最后一周，最后的七章，麻烦大家把月票也最后的砸过来吧。谢谢。下面的话麻烦大家一定看一下，谢谢。<br>-----
        "

644b39b928264278a92511d7d74bfe20,"突然出现的武魂帝国军队中飞出的并不是两个人，应该说是两位神。天使之神千仞雪，与一身紫色神铠的罗刹神比比东。而此时唐三也已经看清，在下方统帅武魂帝国大军的，赫然正是武魂帝国圣女，胡列娜。<br>蓝色的光华围绕着唐三身体悄然成型，蓝光一闪，整个嘉陵关依旧已经变成了一片蓝色的世界，强行将那
        "

656d099401aa47c6b186be0cb6b3b35f,"柔和的能量托起雪崩，唐三微笑道：“陛下不必如此，我怎能当你如此大礼？”<br>雪崩执着的道：“老师，如果您当不起，就没有人能当得起了。雪崩这一拜不只是为了自己，也是为了我们的百万大军还有天斗帝国千千万万的百姓。”他这句话说的情真意切，唐三听得出，雪崩完全是发自肺腑说出。<br>雪崩
        "

a931c33139af4d8c824576c614e9a77c,"要知道，天使神装乃是天使之神性命交关的神器，虽然破碎之后也能够恢复，但对于天使之神本身来说却是元气大伤，这一击发出，千仞雪的实力将锐减九成，正是不成功则成仁。而且，在三天之内，她的实力都是只能在一成状态。<br>如果在这个时候，唐三不顾一切的将海之阳发出，千仞雪的搏命一击只是锁定着他
        "

2ca3c084d6674bacaedd9c3a8f7ed90f,"轰轰轰轰——，四声令整个嘉陵关都为之颤抖的剧烈轰鸣再次响起，接着幽冥白虎骤然冲入武魂帝国魂师军团中制造混乱的机会，唐门破城小队再次发起了冲锋。这一次他们的准备更加充分，助跑的距离也更远，因为城头的大混乱，御堂弟子也腾出一些人手帮助力堂弟子支撑着那巨大的撞城锤冲向城门，令那五十万斤的重量
        "

f32ea27f84ed4862957ccf64638ea21b,"天斗帝国百万大军骤然迸发出强横的战斗力，尤其是那默契的兵种配合以及整体调度，百万大军竟然丝毫不乱，井然有序。<br>这就是大国气象，是武魂帝国这临时拼凑起来的国家所无法拥有的。武魂帝国的成立，完全是凭借着武魂殿强大的实力和势力，以及占据了整个大陆百分之六十以上的魂师为基础，威逼利诱之
        "

29592024e2ea4ceba3d4db5c815c2373,"有点伤心，月票掉到第三位了。可以说，昨天小三是更新最多的一个，却被人家空口白话的拉票超过了。而且，咱们的日常更新都不比人家的爆发少啊！小三总不能把每天的更新减少，然后再把日常更新说成是爆发吧。难道在没有坐上上个月第一的情况下小三也爆发了一万七还不足以让书友们拿出自己的保底月票么？<br>
        "

f96db7c32edf4105a46d6c2ba69ef74f,"眼看着幽冥白虎和马红俊瞬间夹击，城头上的其他人想要再救援金鳄斗罗也已经来不及了，戴沐白和朱竹清所化的幽冥白虎与马红俊从天空中的攻击，形成了完美的空地一体。硬生生的将金鳄斗罗同时要承受他们两方面的进攻。尽管嘉陵关城头上有那么多的武魂帝国魂师，但此时金鳄斗罗的感觉却完全是孤立无援的。那种感
        "

f892324a3e744fc7a032be305c4c8d0e,"千仞雪不计一切代价的开始吸收太阳真火之力，唐三也不敢怠慢，开始在这万米高空之中吸收大海中的能量。<br>万米高空，对于唐三来说本来是应该有所影响的，但因为他这本不应该出现在海神神装中的外附魂骨八蛛矛所化海神八翼的存在，导致他在借助大海之力的时候就要轻松的多。尽管是在如此高空之中，却依
        "

ad68be96a1b24dcaa1f830ff170e61fd,"就在天斗帝国大军冲出营帐，准备与武魂帝国大军决一死战之时，唐三与伙伴们终于及时赶了回来。<br>当初，他击败千仞雪之后，只是耽误了几个时辰的工夫协助伙伴们完成各自的魂环吸收，又在紫珍珠岛短暂停留后，就与众人出发，急速回归。而千仞雪因为被唐三所伤，路上有所耽搁，回到嘉陵关后昨晚又休息了
        "

948a94760f474047afb4a8f250b89296,"六大供奉的目光都朝着那金光的方向看去，并不是那金光变得越来越亮，而是它距离这嘉陵关要塞越来越近，这金光来的好快，几乎就是三供奉说话的工夫，它就已经放大了十倍，众供奉凝望之时，已经隐约能够看清楚了。<br>“那是……”二供奉极目远眺，他的情绪瞬间变得激动起来，以他那百岁高龄，在这一刻也
        "

e0110db6b6a14425bc0df967b8ab4c9e,"在这个时候，唐三根本就没去思考这股修罗神之力与自身的关系，将它绞杀会不会对自己的身体有影响，他所想到的，就是小舞不能有事，哪怕是自己死了，也绝不能让这修罗之神的能量伤害到她。<br>唐三的反应不可谓不快，但是，这一切却来的太突然了。从那股修罗神之力涌入小舞体内，到唐三反应过来立刻救援
        "

c959446d857b4527913deb73a718a41b,"奥斯卡没好气的道：“什么凤凰斗罗，应该叫邪火斗罗，哦，不，叫勾栏斗罗是不是更好一些。荣荣，我觉得吧，我们回去以后，应该和香香好好的讲一下这勾栏斗罗中勾栏二字的来历。”<br>“不要啊！二哥，我错了。”一提到白沉香，马红俊的脸色顿时就垮了下来，先前的得意荡然无存，求助的看向唐三，“三哥
        "

6623c368c00c4600a095cae2af00e142,"心中暗道一声好样的，唐三缓缓抬起右手，食指遥指奥斯卡眉心，一滴蓝金色的血液缓缓从他指尖透出，唐三额头上海神三叉戟烙印光芒一闪，一道蓝金色的光芒已经笼罩上了奥斯卡的身体。直接从他皮肤处浸入，暂时护住了他的身体不至于被撑爆。<br>但是，吸收魂环，必须要依靠自己的力量，外力是帮不了他的，
        "

073812cd1efe4f43a76c6919dcc630cd,"千仞雪右臂平举在身侧，天使圣剑与手臂保持一条直线，刺目的赤金色光芒从她那天使套装的每一部分释放出来，右手握着天使圣剑，凝重的向下方划下，以右肩为中心，迅速划出一个巨大的圆弧。在天使圣剑后带出一连串的残影。<br>当这圆弧的起点与终点融合的瞬间，一个赤金色的光环出现在千仞雪身体周围，而
        "

c74838ba39c141d7af0700c514a81709,"小舞噗哧一笑，道：“我为什么要担心？我才不担心呢。就算你和千仞雪同样是神，可你在成神之前就是双生武魂，那时候她都杀不死你，更何况你现在已经成就了海神呢？我从来就没担心过你还会输给她。我只是要监督你，可不能让你被她迷住了。哼哼，我可记得，在她的记忆之中，还和你……”<br>说到这里，小
        "

dc441a877136416db8d32c193871c6a1,"“顶级一考完成，陪伴海神完成传承之路，叠加奖励释放，奖励魂力等级提升十级，所有魂环修为增加两千年，神赐魂环三枚。”<br>震撼，当这句话出现在小舞耳中的时候，她心中只有震撼，不只是因为自己的修为提升而震撼，同时也为了那全身覆盖在蓝金色铠甲之中，背后八翼展开，展现着无与伦比威势的唐三而
        "

8b4b9399f32a46c5bf56d6d28b2b2910,"按照顺序来看，这海神传承的八关之中，前七关很可能就是考的自己能否从七情中挣脱出来才对。是了，一定是这样的。<br>想通这一点，唐三心中顿时豁然开朗，剧痛从右腿传来，蓝银皇右腿骨开始剥离所产生的痛苦也没能打扰他心中的明悟。<br>如果海神能够感受到唐三此时内心中的变化，一定会大为欣慰
        "

132444f42660429abf54e747acc81c58,"“修罗，你给我站住，把话说清楚了再走。你这明显不公平。去神界委员会本座也不怕。你那种选传承者的方法本来就不地道，普遍撒网，逐个培养。我可是专心致志的就培养了这么一个。”<br>尽管海神的话依旧很强硬，但此时却已经有点色厉内荏的味道了。<br>修罗神停下脚步，头也不回的说道：“还有。
        "

945be500781b4827bc02164ecfc08cec,"唐三穿过波赛西以献祭自身凝聚而成的赤金炎大门，来到了真正的海神神殿外，却被神殿外围的金色光罩所阻挡，他立刻就想到了最直接的方法，硬破而入。没有了海神之心，这是他能想到的最直接的方法了。<br>就在唐三将自身能量凝聚，准备发动之时，先前那冰冷的声音却再次响起，“破坏海神殿隔绝护罩，将会
        "

797a99e391ef4d6d92d490600953cb07,"“可是，海神传承要付出的，是波赛西大人的生命啊！”海魔女看着那已经紧闭的大门，哽咽着说道，“你们难道忘记了么？我们能有今天，波赛西大人给与了我们多少帮助。没有大人，就没有我们。可现在我们却要眼睁睁的看着她去死。我受不了。”<br>海马斗罗叹息一声，道：“大人的情况你们也看到了。或许，
        "

dd458fe77cd249edbdabcbb8a2557397,"唐三猜到了波赛西的变化是因为自己的曾祖唐晨，可是他却万万没有想到事情的真相竟会是这样……<br>波赛西幽幽的道：“不过，有一点你猜得不对，并不是唐晨不明白我的心意。当他来到这里的时候，我们再次相见，以前所有的一切都没有意义了。百年了，我们都在这个世界上活了超过百年的时间，还有什么可放
        "

9a5c842bed964e008a8a69f1eb90ca2b,"突然间一道红光闪过。<br>佩姬的热熔刀从左上至右下，斜斩开了绿皮士兵的胸腹。<br>这士兵被高温刀刃切成两截，摔落在地，爆出大片大片的绿血来，两截残尸还在地面上不断挣扎，仿佛在试图重新将其拼接起来似的。<br>“血肉序列？”佩姬惊愕地再次出刀，将两截碎尸变成了无数截，诡异的扭动这才
        "

7180d02f01f44ae3ace6c2ea4d79d7dd,"新书已发，书名《姑娘你不对劲》，大家可以收藏，可以追，也可以养，还可以去书评区怒骂作者更新龟速←<br>如何找到新书？点击作家【幽祝】，在【全部作品】里就可以看到。<br>由于《苍青之剑》正文已经完结，所以接下来就要更改为【完结状态】，确保前期投资的书友们可以拿到奖励。<br>但是更改后似乎就不能再上传章节了。<br>因此后续的番外应该会在新书的【作品相关】里进行发布。<br>不过最近更新主要还是以新书为主，番外的话看时间和心情吧，慢慢写。<br>接下来介绍新书。<br>————————<br>第一版内容简介如下：<br>————————<br>家境贫寒，父母双亡，又遭遇漂亮未婚妻的退婚。<br>标准小白文主角模板，所以我的金手指要来了对吧！<br>没想到当天晚上，未婚妻突然反悔：<br>这婚，我不退了！<br>而且还要同居睡一块，生活费全部她来出！<br>好，同居就同居，反正我不吃亏。<br>一夜过后……<br>咦，这未婚妻有点不对劲啊？<br>————————<br>如上所述，就是咱们的男主角被漂亮未婚妻退婚，然后对方又突然反悔了，而且还要和他同居的故事。<br>当然，退婚是因为利益驱使，同居也是因为利益驱使。即便没有感情基础，至少双方存在共同利益，各取所需，加上未婚妻足够漂亮，看着也养眼，所以同居就同居着吧。<br>然而，仅仅是住了一晚上，他就发现自己的这个漂亮未婚妻……<br>……好像是一只水生生物啊？<br><br> 
        "

89e044b3629b4d74828d6f4d754e8b0f,"虚空。<br>无数紫色虚鱼宛如紫色光点，从四面八方涌出，纷纷冲入天魔宇宙。<br>它们并不进入宇宙内部，而是利用王一洋的权限，在宇宙外膜上开一个个小口子，然后将体内吞噬的宇宙碎片吐进去。<br>这些碎片都是来自洪荒宇宙。是破碎掉的洪荒宇宙残留的部分。<br>圣人们对这些东西不在意，
        "

86068d9991124448838974d5a762f25b,"虚空深处。<br>无限真存的两大至圣，以真理之翼安柏儿为首，组成金色宫殿形态，缓缓朝着洪荒方向移动。<br>另一侧，星极殿的至圣宫主亲自带队，九位圣人顶点排列其后，包裹在巨大白色鲸鱼光团中，也在朝洪荒逼近。<br>万虚宫和昆吾城两边，同样也出现在附近虚空中。<br>万虚宫众圣散发的
        "

3261123e2f56422bb4fd5f38c0f9463e,"佛土。<br>一尊尊罗汉无声无息被掠夺，化为王一洋。<br>四大菩萨之外的所有菩萨，也都纷纷沦陷。<br>八十八佛中，除开大日如来等几个疑似圣人分身的家伙，王一洋不敢动外，其余都已经成了他的一部分。<br>至此，元始天尊满是恨意的佛土，已经彻底沦为名为王一洋的天灾难地。<br>短
        "

aec6cbdff35f4990b017c1d679916186,"在连续数次大战后。天下闻名号称最强的时代宠儿阐教，居然开始落入下风。<br>这让观战的妖魔方和阐教自身也难以置信。<br>他们还沉浸在封神一战的浩大胜利中，却没想到佛教已经在慢慢崛起成长起来。<br>于是广成子为首的十二金仙，在警觉之下，反而对这场战争的开启有些庆幸起来。<br>若
        "

1019fff0a8f34e5f9f59523d9c259c87,"天魔界。<br>浩大的天魔宫内。<br>王一洋缓缓转身，坐在代表宗主的宝座上。<br>尽管此时的他只是个半透明的虚影投影，但不影响他此时在宗门内的地位。<br>宫殿内，血衣圣人和龙吟风和两位，都已经提前抵达。<br>“从师尊陨落已经过去万年。这一万年里，我没有过多干涉宗门事务，一
        "

0735e247424c4235aeb82502100eea24,"这一场短暂交手下，菩提子当场陨灭，金仙弟子中也有人被杀。<br>表面看起来是人手互换，但佛子只有三位，而金仙弟子足足有十二人以上。<br>当下佛国军的明珠子和辛月子，疯狂的动用全力，一次次释放佛宝。<br>两人法力明显强于其余所有玄仙，联手之下，数件佛宝佛光普照，逼得阐教联军和妖魔联
        "

e81c7ebcd003493d8961cabd32c995b6,"妖魔联军，佛国星域，阐教星域，三方区域中间，一片漆黑太空中。<br>有一公共星球，被命名为永和星。<br>此星球庞大无比，周边布置了无数三方封印，为的便是将此地作为战场，封锁威力逸散，以免造成力量法力外泄。<br>此时此地，正汇聚了三方大军派来的各自代表。<br>永和星上天空一片深
        "

b9d1aa48e6814e0997e8effa6c8bf048,"黄龙真人正讲解仙道五分。<br>因为他的弟子众多，其中不乏有天地人三道不能成仙者，只能走鬼仙和神仙两道。<br>所以他这次专程开坛，便是要为诸多弟子讲这五道成仙的道路方向，以及各种修行核心。<br>“这第三便是人仙，人乃万物之灵，有万灵之首之称，以人脉成仙，能聚众人之力，同样威力无穷
        "

cdb67270936a43f689513d48e6ce26b6,"而且更为夸张的是，肖瑜积累的修为还远不至此。<br>毕竟是为了突破至圣而积累的法力，还因此吞掉了不少同门圣人。<br>只是帮王一洋突破中位圣位，自然是绰绰有余。<br>这一瞬间，钟婉秋也好，夏橙也好，还有其他千千万万的王一洋也好。<br>所有子体修为都缓缓上升，虽然看似不多，但巨大
        "

b1cca03e7d0b4e9fb4629e5c35b04957,"火云中，有两位一高一矮人影，正率领密密麻麻无数人影，朝着这边张望过来。<br>这高的人影，手持金色宝剑，头有三面，一哭一笑一漠然。<br>察觉到洪荒诸圣的窥视，这人影遥遥朝着这边一拱手。<br>“贫道张天河，乃昆吾城妙极宗宗主，此行前来，为的是捉拿昆吾城逆徒肖瑜。望诸位道友多加配合。
        "

da53135700634df5b39fba9d4635bd07,"“一起，祭礼！”<br>所有烈法宗弟子，纷纷取下身上法器法宝，高高举起。<br>一道道无声光华，从所有法器法宝上飞射而出，汇聚在半空中的云气里。<br>云气暂时吞没掉所有宝光，其凝聚出的老者面容，这才双目扫视下方。<br>从站在最前面的第一排扫视过去。<br>“二起，越魂！”
        "

6d79c76f1f6e4bdfba025e18022d2b17,"“也就是说...我现在一下又被两大势力盯上了？”<br>王一洋一直觉得自己是个胆大包天的性子。可惜，和这次的这个新身份相比，他还是愣了点。<br>这位只是个巅峰圣人，居然就敢得罪坑还两大至圣势力。<br>而且昆吾城还不是简单的至圣势力...<br>消化了下，王一洋反手张开掌心，其上
        "

fc59708e2cfd492ca8375e96d8e87092,"虚空。<br>无数黑红电光将整个洪荒宇宙团团包围。<br>周围大量中小宇宙，都已经消失得无影无踪。唯独只剩下寥寥几个上位宇宙还存留。<br>而洪荒，便是其中最中心的核心。<br>万虚宫的两位鹿角圣人此时正遥遥望向洪荒，面容冷肃。<br>“在下程愫，这位乃是程云，我等奉万虚宫之命，
        "

583bed1de785415997365fc83735db85,"就在星极殿和万虚宫同时逼近时。<br>王一洋已经将自己的身体，撒了大半了。<br>他不断往返各大洪荒子体宇宙，将自己身体和元神，如扳饼干一样，扳断，捏碎，然后将碎末撒入各大洪荒子体里的大气和海洋。<br>他的灵能以灵能之种为单位，一部分不断被稀释，被无数生物吸收，并融入他们体内。
        "

dca15d67950e4eb5b03c296677a44c25,"“寻找脱身之法...”<br>打着才买的油纸伞，王一洋慢慢走在雨幕中，神色宁和。<br>此时的大唐还处于繁花似锦状态。<br>无数外国使臣来朝，天朝上国的地位辐射四周。无论妖魔还是列国，都态度极其恭敬。<br>走在大街上，王一洋都能不时看到，有伪装成人类身份的妖魔在这里生活。<br>
        "

f5dcd779c52c4d3d9f65acfb51c4706b,"苏小小在这三百年里，终于无法支撑，自行兵解遁入轮回。<br>临死前，王一洋在她身上留下印记，待得一切尽了后，再去寻她重返。<br>至于王家苏家的其余人，却没有这个待遇了。<br>一代接一代不断更迭，沉湎之星上，渐渐已经看不到什么熟面孔。<br>反倒是天魔宗那边，更加让王一洋熟悉。
        "

f19ac14b8c45422dbbb55dc24bef637e,"从东海龙宫出来，王一洋神色悠然，仿佛真的只是拜访好友游玩。<br>但只有他自己知道，此时的他，已经一路在经过的地域，播撒了超过三十个所谓的修仙系统金手指。<br>这种金手指，生产起来相当容易，特别是对于曾经有过群星文明熏陶的王一洋来说，也就是思维电转之间，动念便能制造数十个。<br>
        "

0813bcd660204920a09b825fb3c9041e,"狮驼国内。<br>一道金光从天而降，再度落入王一洋所在院落。<br>金翅大鹏面带戾气，一把落在院子正中，看着面色诧异的王一洋。<br>这个可恶的人类，正坐在藤椅上，悠闲的吃着坚果葡萄。似乎压根没想到他还敢来。<br>“竖子！！一次次戏耍戏弄于我，今日，我金翅大鹏必要你血溅五步！！”
        "

c383c8f6438d41909831afa0957999dd,"不提狮驼国王宫如何对待自己。<br>王一洋出手后，便依旧居于自己院子，每日弹琴饮酒，煮茶看书，好不悠闲。<br>偶尔弟子霞衣公主前往，教导之后也会陪着他下下棋。<br>表面上看，整个狮驼国已经转危为安，国力慢慢开始恢复。<br>在金翅大鹏鸟被击退后，周围百姓对狮驼国又重拾信心，商路
        "

a1f31e8fd44e46c9b144d03a7ed44bc0,"“老.....老师....!!”霞衣在一旁已经彻底呆滞。<br>她脑海里一片空白，从刚刚那铺天盖地黑手开始，便已经没什么念头想法了。<br>那一瞬间，她心头的焦躁和恐慌，一下子统统转换成震撼。<br>黑手翻天一抓，便将足以覆灭整个狮驼国的恐怖大妖捏在掌心。<br>这是何等神通！何等
        "

60ee5731eab84a459d4c73029640d86c,"大军惨败，诸多修士陨落，宗门衰败。<br>狮驼国王宫内，狮驼王周顺病倒。<br>一系列的事情宛如陨石般，一个接一个，狠狠砸下来，砸得太子周岩头晕目眩。<br>等到他反应过来时，一切已成定局。<br>整个狮驼国一片空虚。军力不足以往十分之一，周围结盟的宗门门派，也损失惨重，封山的封山
        "

a913ab398d924654aaf5228d6a5d712c,"数日后。<br>王一洋带着霞衣一起，来都国内的一栋念缺楼，品尝美食。<br>“传闻这里的主厨，每日有三不做。”<br>霞衣公主笑着介绍道。<br>“第一不做，是每天做完一百份菜，便不做，”<br>“第二，是人品低劣者，不做。”<br>“第三，是心情不好时，不做。”<br>“有
        "

20884fe5e92447e88c9680de00c8f61f,"教导弟子是个技术活。<br>但对于王一洋来说，倒是没什么难度。他提前将自己要教导的内容，做成幻觉，然后等霞衣来了，往她感知里一塞，一切就结束了。<br>表面上看，他似乎在勤勤恳恳的一点点教导，实际上，真正的他，不过是坐在一旁看书，品茶，吃茶点而已。<br>而幻觉模拟出来的他，正一点点
        "

7a2f4c1dfa9e42548878c418f91f3d46,"一转眼，一夜无眠。<br>霞衣公主勉强休息了一点时间，第二天天还没亮，便起了个大早，准备前往那个神秘小院，正式拜师。<br>为了拜师，她可是调动了自己最大的权力资源，钱也好，各种自己的珍藏宝贝也好，全部都带上。<br>就为了给与老师自己最大的诚意。<br>只是她才领着队伍走到王宫大
        "

8db03296a10944c8b197a0cbb9a6c087,"只是让王一洋没想到的是。<br>这个霞衣公主居然真的愿意在门外等。<br>而且一等就是三天。<br>她干脆就在门前，一声不吭，不吃不喝，皮肤头发也迅速失去光泽起来。<br>狮驼国的许多平民也都发现了公主的举动，一开始，大家都非常不解。<br>王宫也来了人试图将公主劝说带回去。
        "

40cc5f5eaa56487895451073e62d78c5,"霞衣公主生得花容月貌，娇小可爱，才刚年过十三，便性子跳脱，总喜欢舞刀弄枪，跟着自家护卫队长学了几招，便颇有些不知天高地厚。<br>这让狮驼王有些头疼。<br>“女儿若是喜欢，大可以自行寻找，这年头，要想寻一个太傅那般的老师，可不是容易之事。”他低声道。<br>“父王此言当真？”<br>
        "

a8e705afb2354ba38702bdd777b06443,"离开森林，王一洋越过一条峡谷，居然就到了西牛贺洲。<br>之后再随意寻了个最近的小国，名为狮驼国，便索性在其中定居下来。<br>他原本打算和苏小小一起隐居，但苏小小没有他身上的命运隔断，一旦出现，不属于这里这个宇宙原住民的身份，第一时间就会被发现。<br>虽然他可以延伸命运隔断的能力
        "

9cb33dfb46b842e4af409639fa6877d9,"“代价确实有些大。”王一洋确实还有办法。<br>只要他将永恒丝线一起用上，应该能加大联系和牵引力，然后迅速强化吞噬速度。<br>但这样一来。他自身的掠夺吞噬的能力会超越极限，无法消化，很可能会导致他自身被混沌异体污染。<br>“如果你能帮我救出伊苏，我欠你一命！”安柏儿认真对王一洋郑
        "

077faab624af4e75b52242a45db93e60,"前往洪荒的计划确定下来。<br>王一洋先要做的，不是其他，而是遵循安柏儿的请求，跟随她一起，前往混沌海，营救其姐妹。<br>无限真宫。<br>安柏儿缓缓舒展身躯，露出美好饱满曲线。<br>她一身漆黑短裙，身后黑色单翼缓缓舒展，每一根羽毛都是有无数的漆黑符文组成。<br>站在无限真
        "

7cd8d593337d40339915feed1a6bb56a,"王一洋收到方位信息后，又在无限真宫内转了转。<br>这里很简单的分为了过去现在未来三个大殿。<br>过去大殿内，陈列了许多一团团讯息聚合体。<br>这些讯息聚合体就像黑洞般，有着极其恐怖的牵引力和毁灭能力。<br>若是没有圆光存在，一般圣位之下的生命，只是靠近，都会被瞬间撕碎毁灭。
        "

10819c7d79534ef1ae1407ed8c12ed99,"不知道过去多久。<br>虚空中没有时间概念，有的只有王一洋自身的时间流逝变化。<br>但时间本就是一个相对的参考系，所以他也不知道如今过去了多少天魔界时间。<br>等到他恢复意识时，周围已经没有金色圆光了。<br>只有淡淡的一层无形力场，将四周虚空隔离开，自然而然在他身旁形成隔离层
        "

d5da0928fd08450eb0d8abf49203a9a9,"小二一边絮絮叨叨的说着，王一洋和苏小小也一边仔细听着。<br>只不过，两人都非常人，只稍微调集感知，往周围一查一听，便明白情况。<br>这店小二苏所言确实没错。<br>王一洋随手打发了此人离开，笑着对苏小小道。<br>“小小，你可知这些修真门派的跟脚？”<br>苏小小微微摇头，这
        "

45265a2c432245dd92478d3dffcc58e6,"王一洋刹那间将一切全部联系在一起。<br>虽然其中还省略了无数的过程和复杂变化，但整体粗略，宇宙的诞生到成长，就是这样的全部。<br>“无数的心灵汇聚，成就了宇宙心核的诞生。”<br>“那么，这样一来....只要我的宇宙观能真正成为一个微型宇宙雏形，我便能成功踏入更强的圣位。”<br>
        "

9d9c8656a64845c0a512fd225398704a,"“最初的宇宙，居然只是一个孔构成？”<br>王一洋脑海里有无数讯息，无数疑惑。<br>“那么，这个孔的对面，又是什么？”他心头这么想着。<br>身体也是这么在行动。<br>缩小身体体积的术法，对于他这具标准圣躯来说，不算难事。<br>王一洋骤然化为一丝黑光，瞄准银色圆孔精准的冲了
        "

02678fdb55a14a49996e0b4717559105,"一片模糊又彩色的世界。<br>王一洋悬浮在高空中，俯瞰下方广阔大地。<br>大地一片血红，有无数蠕动的气泡，缓缓脱离地面，朝着天空蒸腾飞起。飞到不高的地方，便会自动炸裂。<br>这个小宇宙里，没有任何生命，只有中心这么一个巨大的血红色球型。<br>它看起来像是星球，但比星球要大很多
        "

b7ab51f569d14de7af4ad30640c413c7,"当然，虚空规则，也就是所有宇宙的共有规则承认，也可成圣。<br>但那太难。<br>虚空法则极其稀少，根本难以汇聚到成圣的程度。<br>“另外，还有这个。”<br>王一洋掌心中再度浮现出一团宛如银河般的彩色旋涡。<br>无数彩色银色的光点，在他手中不断旋转，美轮美奂。<br>“我
        "

deb78ac5ccf741c1b1f8cbc4cccaab72,"虚空中，外神对待不死不灭的圣人，从来都有自己的一套方法。<br>宇宙不灭，圣人不灭，导致了圣位们高高在上，和寻常物种彻底划开界限。<br>但这并非绝对，虚空中，圣人和自身宇宙的链接，是可以被切断。<br>这也是外神们能够彻底杀死圣人的根本依仗。<br>当然，还有种办法，是彻底毁灭对
        "

0488833732ae4921a50843e9eac5458a,"“宗主！”血衣看了看至少有四位圣位顶点的外神们，他只是感知延伸过去了一瞬，马上便有一堆圣人感知反馈回来。<br>一道道浩大沉重视线聚焦在他身上，就算是血衣胆魄惊天，也不由得浑身一抖。<br>他强忍住转身而逃的冲动，缓缓靠近过去。<br>“宗主，不知召集我等所为何事？”<br>王一洋
        "

bbd2d34f07834cc39aeacfc5596ad04b,"‘初始化完毕，黄金级身份开始生成。’<br>‘身份生成完毕.....’<br>‘开始载入....’<br>王一洋站立在虚空中，周围环绕着一个个大小不一的高位宇宙。<br>五彩的光晕从宇宙中辐射出来，照亮他大半的身体。<br>很快，一个不分男女的中性声音，缓缓在他耳边浮现。<br>
        "

00ea281903f941f6b75e21ca6d0f73a7,"“母亲，弟弟的事，如今牵扯到圣人之争，就算我是老师的弟子，也无能为力。”冲恒子无奈道。<br>“不管什么圣人之争，只是单纯和天魔界通讯一下，该没什么大不了的吧？”清微子无法理解。<br>“不是这么简单，现在仙宗彻底封锁宇宙，不许外出。和天魔界的关系外交，还得上面太上们定下基调。不是我们
        "

89da5649e5614c20a05d950a05780600,"漆黑大虚空中。<br>一个个不同宇宙宛如不同的圆球，悬浮在空中。<br>旋转的彩光从宇宙中释放出来，照亮周围大片的空处。<br>嘶...<br>一团漆黑的雾气，缓缓从群星宇宙中渗透而出，在虚空里凝聚成一个完全由黑影组成的人形。<br>“居然已经离开群星了.....能发现是前往哪个
        "

45bb0347f2ae4dc1b40855b86fde6c28,"王一洋感觉非常有意思。<br>他庞大的感知隐隐能感受到对方的不同寻常。<br>为了探究其根源，他一边应付交谈，一边悄悄展开元神，分出一丝刺向对方。<br>就在他的元神接触到坎瑟维灵魂的一瞬间。<br>一股微弱的牵引力，试图拉着他，改变自身频率，进入某个特殊的层次。<br>就如同当
        "

0e97e1ef40da48faa6b9fda484c81388,"别墅第二层书房。<br>窗口悬挂的茶色风铃，被风轻轻摇晃，发出脆响。<br>王一洋坐在书桌边，静静注视着前来拜访的高挑白发女子。<br>“冒昧打扰，请见谅。”女子坐下来，身姿笔直，银灰色的双瞳平静而淡漠的看向王一洋。<br>“最近我们察觉到您的动作，但因为临时有其他事，而没有第一时
        "

3d6e713b99a04dbc8761551133e8015a,"“我叫塞尼卡，很高兴....很高兴认识您。”塞尼卡从未感觉，爱情来得如此突然。<br>于是，她恋爱了。<br>她开始和图西出双入对，很快两人便滚了床单，图西出手阔绰大方，为她付出了很多金钱。<br>而塞尼卡也很快怀了孕，肚子一天天大了起来。<br>她开始幻想嫁入豪门后的美好生活。开
        "

f424ffe9f0384ce38d730e39ab64597a,"永恒丝线的作用，如果有效，王一洋便打算利用其特殊性，将自己和旧神中的一部分勾连起来。<br>那个鼠头人旧神似乎并不被头顶上的存在看在眼里，所以他敢这么随意动手。<br>不过也仅止于此，在虚空之门没完成之前，他都必须小心谨慎。<br>这个宇宙比群星还要大得多，谁知道隐藏了多少麻烦存在。
        "

60f4491fa5fd4f629f945b28ac406ecf,"穿过一栋栋陷入安静死寂的建筑，王一洋很快停留在了一栋十五层高的圆顶大楼前。<br>这是市百货公司，是这座城市里最繁华的地段。<br>米丽莎的父母就是这个公司的小职员，收入也算丰厚，所以才能在本市过上不错的生活。<br>此时天色已经很晚了，不远处的钟楼传来夜晚十二点的沉重钟声。<br>
        "

cbe95997960f4ce08a2cb4abb73e4b43,"“嗯？”<br>王一洋从睡梦中缓缓睁眼。<br>他其实早已不需要睡眠，只不过因为以前身为人类时的习惯，让其更喜欢遵循这样的规律生活。<br>如果不是修行之类的必须事件，那么平时他都会专门留一点时间休息。<br>不过这一次，他不是自然醒来，而是被某种提示叫醒。<br>“我留在节点上
        "

dfff7f756d9e49feba4c0e5208bde0a7,"王一洋看了看冷冷清清的街道。<br>路灯下，几个站街女郎开始靠着电线杆，抽烟的抽烟，聊天的聊天。<br>流浪汉和酒鬼们随处可见，他们有的躲在巷子里，有的缩在垃圾桶边。<br>偶尔有几个衣着整洁的绅士或者小姐们，都是急匆匆的从店铺里出来，然后直接坐上路边停下的马车或者汽车。<br>几
        "

41737f8ea15a471a860855f07ff31409,"“今天就只有这么点么？”<br>一个阴暗的狭窄房间里，瘦弱的男人，把手指从桌面上的一叠薄薄纸钞上收回。<br>“太少了。”<br>他面前的少年低着头，颤颤巍巍的站在那里，一动也不敢动。<br>“我说，太少了啊！！！”男人的声音猛地从轻声到怒吼。<br>嘭！<br>一个沉重的小东
        "

e0fca73298a8453fb2efcc318ed6d0e0,"薇恩继续放慢尺度。<br>渐渐的，周围的大虚空中，开始出现一个个宛如鸭蛋的彩色旋涡。<br>这些旋涡包裹在气泡中，五彩缤纷，异常美丽。<br>它们有的小，有的大，有的还如同活物般，四处飞来撞去。<br>“现在，您看到的是低能级宇宙。我们现在正在模拟宇宙胚胎，在将时间尺度拉长到低能级
        "

25af608350f64104954302ee5d024a13,"“你发现了什么？”血衣在灰白尘埃海中，传音询问。<br>“什么也没有。”王一洋摇头，“但就是什么也没有，才可怕。”<br>他没有继续往下说。<br>血衣身为圣人，感知元神一瞬足以解析海量信息，自然明白他的意思。<br>这等能够算计布局这么宏大的计谋，区区一个星，不大可能能做到。
        "

222744576ad444019e25af05f322a6e3,"片刻后。<br>阐教庇护星域宣告失守，整个星域被尘埃海吞没，阐教十二金仙只有两人成功逃脱，其余尽数陨落。<br>其中甚至包含了首位最强金仙广成子。<br>阐教聚集的大量群星贵族，辉月机甲师们，纷纷被尘埃海彻底吞噬。<br>所有布局化作无用功。<br>天魔宗圣人风和脱困，联手其余两
        "

bd8f0815d9c14fa0be3bfdc2812fa0a8,"“区区暗算？”通天浑身一颤，无数金色光点从其身上扩散飞出，迅速在身后重组成圆光。<br>璀璨的金色圆光，瞬间便将周围一切蛛丝震碎散开。<br>这蛛丝虽然是王一洋借助恶幻蛛母所化，但本质上并不如真正圣人圣位强大。<br>转瞬便迅速消散。<br>在天道之中，圣位虽然掌控规则，但也是有着
        "

540691e3dcf9442884ea6bb7afadab74,"“难怪我无法算出后续轨迹，因果劫数，看来我魔影宗就不该掺和进这一局。”费环叹息道。<br>“魔影圣人出手前，可不是这么说的。”龙吟从金色甲胄的头盔中传出声音。<br>“看来今日，我魔影宗无论如何也要受此一劫了？”费环问。<br>龙吟和王一洋都没有回答。<br>沉默，代表的便是决定和
        "

93a7fc62b4cd426ba43655c2f52ece56,"灰白色尘埃海，宛如大雨将至的风暴，在十二星座的九成以上区域肆虐。<br>只有仅存的一点点区域，没被波及。<br>而尘埃海似乎被其他的河系区域吸引过去，开始飞速朝着其他方向蔓延。<br>最后，能够剩下的人口，只有寥寥几十个星系。<br>而这才只过去了不到两天。<br>最后仅存的星系
        "

e4607307d94046f88b4ec5ec4a33831a,"“一组引擎准备完毕。”<br>“二组完毕。”<br>“三组完毕。”<br>“四组.....五组.....”<br>一个个军方船员的声音不断响起。<br>整个飞船战舰即将迎来真正的超远距离跳跃。<br>这一次跳跃一旦完成，就将借助宇宙自然生成的虫洞星门，跨越无数光年距离，前往人类
        "

65e9b47bb0c940ba8aa948522babe399,"“怎么样？害怕么？”雨宫的声音从感知扩展器中传出。<br>感知扩展器是比超空间通讯器更先进的特殊通讯手段。<br>也是能保证在这种高位层次的战斗中，还能稳定联系的高尖端技术。<br>“还好....只是有点紧张。”魏欢低声道。<br>“哈哈，紧张什么，有我在，我这个上去贴身搞的机体都
        "

fec37faf37634ed6a31c997319f7014c,"王一洋无法阻止，只能眼睁睁的看着身份系统再度刷动起数据来。<br>他一边心中催促着灵能之种能力加速塑造身体。一边希望身份系统出现新身份慢一点。<br>最是这种时候，最需要稳定。<br>可惜，他的期盼没能达到效果。<br>尽管黄金级身份的数据，刷动远远比之前的多。<br>但依旧只持
        "

5878e45cffb44e19be0ef12310093131,"“老师。”<br>一片虚无黑暗中。<br>王一洋身体漂浮，望着对面同样漂浮着的朝悦鸿。<br>“您也失败了么？”<br>“嗯，让你失望了....”朝悦鸿缓缓睁眼，似乎没想到自己会在这里见到自己的弟子。<br>他自爆圣人之躯，意识本该回归天魔界大道，陷入混沌沉寂。<br>可现在，
        "

82c7c4c378dc4a08af8fc9fab91dc835,"群星议长静静站在原地，身后浮现出两道副议长身影。<br>“怎么样？万灵那边计算如何？”<br>“星的计算没有问题，生灵危机确实已经被解除了。”副议长蓝低沉道。<br>这个回答让群星议长顿时一松，精神轻松了许多。<br>“很好，这次行动总算达到效果了...果然剪除天魔太子这个特异点是
        "

3d81695acfb64757b7ecc71d8bc11ec2,"不管王一洋如何想法，此时此地，已经都毫无意义。<br>周围封闭隔绝的毁灭能量，死死将他困住，无法挣脱。<br>要不了多久，他便会彻底消亡，失去了肉身，失去了元神，等待他的，便只有绝望。<br>“不知道小小他们如何了？”忽然王一洋想起自己身旁的亲人。<br>苏小小，父母，还有王晓苏夫
        "

cc5facc57c7347e49bc9b0ac51b56646,"大量诡异的红色丝线，宛如蚂蟥般疯狂吸食着王一洋体内的魔元。<br>他此时光是扛着广成子的金印，就已经用尽全力。<br>对其他任何攻击，毫无反抗之力。<br>此时被接连数重进攻，更是让王一洋到了灯枯油尽地步。<br>尽管他有着永夜珠守护元神，此时也已经到了极限。<br>周围一重重攻
        "

3ee0840938584c13857bbecaf2498d05,"人马座，绿带星群。<br>磅礴的绿色圆环状巨大星群，宛如一个巨型绿色旋涡。<br>它中心是明亮的绿光恒星，周围是一圈圈逐渐淡化色彩的绿色圆环。<br>一环接一环，直到数千环的最外围，是一圈漆黑宛如尘埃泥土的陨石带。<br>此时，一艘山字形的白色飞船，印着天魔宗的黑色标记，正拖着长长
        "

e4a68ee3dc1841d5b0f9de50ac2c5abb,"群星议会是整个人类最高权力会议，决定的决策的，无一不是能影响无数人类的大事件。<br>能够让这等规格的最高会议再度紧急召开，可想而知事件的紧急重要程度。<br>群星议长举起手中星徽之光。<br>“根据智脑群的联合运算，还有万灵那边传来的星的计算结果。我们如今已经能确定，真正引发生灵末
        "

9ff4bb26cc474b62b4d39aa7d12f92da,"细碎的脚步声不断在空荡的大厅内激荡。<br>万灵赤眼巨人军，和虫魔军两部的队伍，缓缓在大厅正中相遇。<br>万灵的政体主要便是由各地军阀组成的泛灵会主持。<br>泛灵会，成员时多时少，其中分为上级灵会和下级灵会两块。<br>上级灵会常年不动，势力实力都远远超越下级，如礁石般遥望风云
        "

1272d2f874ac4fcaaa2941040fcc5ace,"这是个外表清纯可爱的双马尾小姑娘。<br>当然，她的外表是小姑娘，但实际上身体完全由机械模块构建而成。<br>这小姑娘似乎是才改造没多久，还不适应万灵这边的生活。<br>而且，其身份却有些意思。<br>王一洋心头一动，迅速将这具身体的主人，横木的意识外放出来，让其回归自身。<br>
        "

d0311ccb48c041c3868597be2d48beed,"群星。<br>潘多拉空间。<br>魏欢从未感觉过这样的状态。<br>如果一开始就是他推测的那般，或者一开始就是告诉他们，重启者需要付出的一切。<br>或许他不会像眼下这么难熬。<br>但可惜，一切来得太突然。<br>巨大的机甲风之莎翁，正伸出一根手指，对准他的手。<br>一大
        "

6c1cc5951a9049e58f73b4951645df73,"嗡.....!<br>细微的震动声中。<br>潘多拉空间内。<br>魏欢站在巨大舰桥上，遥望着远处缓缓靠近的巨型巨人，心中无悲无喜。<br>巨人整体不算高大，简单看上去，就像一台普通人形机甲。<br>唯一和普通机甲不同的是。<br>这台白色机甲，双肩有着明显的蜂窝状光点，背后隐
        "

7dd360dc345141b59ebfd3e2a5a8aa71,"截教圣人的意思不可为不冷酷。<br>但若是圣人真的如神话中的那般，高高在上，不沾因果。<br>那有这等想法也正常。<br>不过，王一洋无法接受这种结果。<br>他虽然很多时候显得冷酷无情，自私自利，但对于群星整个社会环境，还是很满意的。<br>也没有打算彻底毁掉这个体系的想法。
        "

dac7a8aeef10458180cffa13e063f228,"五星附近，一道道淡蓝色光线飞快划过太空。<br>在空空荡荡的漆黑宇宙里，带出仅有的色彩。<br>距离天魔宗主朝悦鸿与通天圣人交手之后。<br>五星上的非教徒们拼了命的寻找机会脱离星球。<br>截教阐教也没有阻拦。<br>反而主动还给了他们飞船，让这些人自己逃离。<br>在这群逃
        "

9b63bf76f90c4434826e11b91b6d3452,"新教居然能爆发出这等恐怖实力，已经震撼了所有势力。<br>“新教五星，虽然现在还存在，但最大的问题已经解决，不会再有阻碍，大兄您可以放心了。”<br>王一洋解释道。<br>“是你老师出手了？”冲恒子猜测。<br>“是。”王一洋迅速将新教那边的情况介绍了一遍。<br>“通天圣人虽然
        "

9e7150e72d83444d89537f7af215b8c3,"整个太空彻底像镜子般碎裂开来。<br>很多学者科学研究者，都在思索一个问题。<br>那就是空间的基石，到底是什么？<br>是粒子？还是能量？<br>是无数的网格，还是游离不定的某种奇异物质。<br>什么组成了我们所看到的宇宙空间？<br>这个问题，很多人都寻找过答案。<br>
        "

cdbfb9f88b9247fb83120493d66dab3e,"王越慢慢悠悠的走在白羊座主星的浮空塔上。<br>脚下是透明的高空玻璃，透过脚下，可以看到宛如积木玩具的城市。<br>苍蝇般的各种飞行器到处乱飞。<br>远处有巨大运输舰船缓缓降落。<br>王越来到这里已经两个多月了。<br>从一开始友人的邀请，到现在慢慢习惯这里的生活。<br>
        "

55d517cfac924badb6ede5dbc200a3a4,"这等流水线上生产出来的数亿数十亿的金丹以上军队。<br>简直就是恐怖天灾，甚至比天灾还要可怕。<br>要知道小妖们达到练气半化形，也至少要上百年修为。<br>而这些机甲战舰，只需要稍微训练一二，配上高科技武器就行，不过几年时间，而且大部分都是克隆人和改造人，随时可以复制生产。<br>
        "

33ceba50057e4b419d5ba39f13da4740,"五星阵法处。<br>四面军势源源不断朝着战场正中注入军力。<br>四条不同色彩的溪流，不断汇入正中阵法。<br>阵法力量和四股不同军力正面抗衡着。<br>无穷碧绿光点蒸腾而起，每一个都化为一片广阔空间，纷纷将飞来的敌军吞噬。<br>两仪微尘阵的特点，便是能化砂砾为世界，吞纳无数生
        "

3dd066d2861546c395fe94d719591d47,"独眼巨人微微点头，同样伸出手，和其握住。<br>“殿下选择和我们公开合作，难道就不怕名声传出去，受政客攻讦？”<br>这是他不解的地方。<br>按照他们的情报，天魔宗毕竟是群星贵族诸多加盟，组成的一个大型家族势力。<br>里面的成员主要以各大大贵族为单位。<br>“这点就不需要您
        "

a70fb645616e4bd298ed551b5be176aa,"“天之昭昭，既德，既道，宗门有无德行，与行道之路相合。”<br>宽阔高大的截教讲法坛上，不断传出大片洪亮讲道声。<br>下面是密密麻麻大片的衣衫褴褛的贫民和灾民。<br>天灾人祸，战乱纷飞。<br>诸多星球被波及，大量平民遭受苦难，到处寻找避难之地。<br>这个时候新教中的截教迅
        "

f07473ef160c432880c2c076c0e20e58,"马有为心思一动，知道能养出这等气质容貌的背后，绝对不会是普通势力。<br>所以脸上的热情又多了一丝。<br>“师兄要去本部，不如在下给师兄引路如何？不知师兄打算到本部哪里？”<br>“去...玉衡洞府和九昭山，先去九昭山吧。”王一洋说出两个冲恒子时常闭关修炼的地方。<br>“九昭山
        "

887da2db34e24d1cae977622c644bd8d,"“知罪？本道子何罪之有？欲加之罪何患无辞。”冲恒子面色平静。<br>他环视周围，大殿内以往一直坚挺支持他的人，居然都暂时不在。<br>很明显是被暂时调出去，不在场。<br>所以这是专门给他布局了。<br>“宗主言我冲恒有罪，不如拿出证据一看便知。也好让大家看看，能够把我堂堂第三道子
        "

d48d75dd01044b69afcc0615b7dadbdb,"无限幻魔拳是源自于诸多体系的精华集大成者。<br>很多招数，科莫利甚至连理解都做不到，自然也没法破解。<br>所以有这么大的效果也很正常。<br>但这种优势不可能一直保持。<br>人类科技最大的优势，在于学习研究和进步。<br>无限幻魔拳再怎么强横奇特，也经不住整个群星科研团队的
        "

45d82aa21f59499fa9ade339a62e5256,"平衡者和告死天使相互近身厮杀着。<br>在如同彩色隧道的螺旋通道中。<br>两台机体贴身近战，宛如幻影的超神速，使得两者同时残留出无数虚影。<br>科莫利的战斗经验极其丰富，实力层次也比王一洋强出很多。<br>并且他对审判级机甲的操控，也远远强于王一洋。<br>所以，在战斗层面上
        "

07b67d703bab49db82e4c64e8346c196,"“科莫利将军，其实我们没必要如此敌对。”王一洋神情诚恳。“我们之间并没有矛盾的目标。”<br>“呵呵...你想蛊惑我？”科莫利冷笑起来。就要动手。<br>“将军是因为生灵末日而来吧？”王一洋的这么一句话，顿时再度止住了他的动作。<br>“你知道什么？”科莫利面容肃然起来。<br>“
        "

e98bba688d5f458a96d976004684e400,"“你说这些很有用，可和我们有什么关系？”温莎反问，“我来这里只是想完成任务，吃饭。赚点零花钱。”<br>贝斯顿时无语。<br>“行行行，就给你们点甜头。完成任务了赶紧滚，这地方现在已经够乱了。新教和虫灾都要蔓延过来了。”<br>“嗯？虫灾也要来了？”温莎一愣。<br>“是啊，最近已
        "

432295295b9d46ddbd6ff5cc0c84c8e3,"“前辈回宗门了，对于之前的交手，没能护住殿下您，他第一时间向宗主传达了这边的情况。”原宿沉回答。<br>“所以，洪密前辈是觉得自己实力不足以保护我？然后回去做更多准备了？”王一洋眯眼道。<br>“恐怕是...对于群星的战斗力，宗门恐怕会因为洪密前辈的回复，而迅速调高。”原宿沉回答。
        "

635e3a7b6855429aa0ebe948d84bd6cd,"“你.....你！！”普斯莱双眼睁大。<br>他一直以为，自己的老师王一洋，只是个普普通通的有点钱的武道家。可现在。<br>现在的这一幕，已经远远超出了他的想象和认知。<br>他无法相信，地上被呕吐出来的这条虫子，竟然和老师王一洋有关联。<br>不....不仅仅是关联。<br>或
        "

8a4d951c7ede4bcd94d8e83ca821b275,"望着迅速离开的机甲大军，王一洋面色平静，伸手掌心摊开。<br>那里面，一颗黑紫色的晶莹宝珠，正缓缓转动，浮现，释放黑烟。<br>这是永夜珠，同时也是天魔宗真正的未来宗主代表物。<br>更是一件极其强大的真魔器。<br>寻常状态下，永夜珠只有对魔修有极强的压制作用。<br>但身为真
        "

a02c0f7455444c75a9a92cfc8c87d4e5,"王一洋感觉自己像是过了一瞬，又像是过了一年。<br>时间感完全混乱。<br>前一秒，他明明还在星球地表。<br>这一刻，他便仿佛经过了很长时间，到了沉湎之星附近的外太空。<br>“被时感停止了时间么？丧失了对时间的感知。看来是完全被压制呢。”<br>王一洋面色平静，低下头，看着自
        "

53990faec2864032b742fbe09168cf77,"嚓。<br>一根香烟烟头被火机点燃，被原宿沉叼在嘴里，轻轻吸了口。<br>他最近迷上了群星这边的不少娱乐方式，抽烟就是其中一种。<br>可惜....<br>嘭！<br>地面忽然传出巨大震动。<br>他知道是怨影魔和来敌开始交手了。<br>“想不到群星这么重视这边，看来这趟要费
        "

777fefcc915945de89472277d41b7d23,"如果一开始，让王一洋选择留在群星，还是搬迁去天魔宗或者道德仙宗。<br>他一定不会选留下来。<br>尽管他做了很多手准备。对家人亲人也有很多层保护。<br>可总有些意外来得突如其来。就像之前的王小苏被误伤轰炸。<br>那种主炮轰击，因为发射过慢，蓄能时间长，不大可能能计算到那么精准
        "

ca29cbfa10e74bedb0b67ccdac59ef65,"唰！<br>一声清响下，辉龙悄悄抬头，面前已经没了踪影。<br>连带着消失的还有王小苏。<br>辉龙看了眼周围遍地的尸体。宛如脚下装了弹簧，猛地拔地而起。<br>他身后微型机甲喷射出大片火焰，推动朝着星球控制总部飞去。<br>他必须要在主人发飙前，找出黑手，找到凶手。<br>他
        "

e42c6e337670419285a6673176dd76a4,"王一洋掌握着整个星球的安全系统，如果不是一开始就避开他。<br>特异调查会也没可能这么简单渗透进来。<br>普斯莱显然也想到了这点。<br>“王小苏平时主要活动范围，就在第三区和第一区。<br>我之前住的地方，就紧挨着第一区的她的公司总部。所以我顺便在门口加了监控。<br>本意是
        "

681adf9ac9aa4c72a483438fec3fcaf5,"庞大的心灵之力，在思维监牢周围汇聚成无数紫黑色花海，将其牢牢守护保护住。<br>旧神的神力源源不断涌入监牢时，监牢外紫黑色花海都仿佛在欣喜的摇曳。<br>谎言之神的神尸迅速干瘪起来。<br>然后很快，在思维监牢的某个牢房中。<br>他的身体急速凝聚而出。<br>刚一凝聚出，还没等
        "

f944fbe554de45fcba79a929d6f6fb8f,"“怎么回事！？”普斯莱急速开着车，脚下狂踩油门。<br>虽然刚才他不知道发生了什么，但那调查会的女人语气里的焦急，他还是能听出。<br>那种危在旦夕的急迫感。<br>就算普斯莱再怎么大意狂傲，也不会在敌方实力不明的前提下动手。<br>“到底怎么回事？你刚刚是什么反应？”普斯莱开着车
        "

ff61fbcd52914b1eb6f45ce051735b94,"王一洋静静站在神殿大堂，双手合十，闭目祈祷。<br>他神情虔诚，站姿挺拔而恭敬。<br>看起来和周围其他信徒一样，甚至更有一丝肃然和尊敬之意。<br>赛琳娜就在一旁，静静低声念诵神文祈祷词，同时手里持有枝条，不断从白瓶里沾上圣水，撒在他身上。<br>这是为其洗礼的过程。<br>圣
        "

30084d8b1ae94caba3ef07a9b954a52a,"这种似曾相似的情绪，让赛琳娜想起了曾经的自己。<br>她略微思索了下，便认真点头。<br>“好吧，我可以带你进神殿，不过你只能先去忏悔室，忏悔自己曾经的罪孽，彻底洗礼后，才能进行祈祷。没问题吧。”<br>只是个无信者，有神的注视，想必带进去，也没关系。<br>“感谢您，太感谢您了，
        "

9bdf1c5fcd244bf380df2fc5c72ba79c,"男子引着普斯莱，很快穿过街道，上了一辆停在路边的飞行车。<br>车子似乎是经过改装过，车窗和周围内部都布置了特殊的隔离装置仪器。<br>普斯莱跟着毫无防备的上了车，在后排坐定。<br>飞行车后排非常大，足足有四排十二个位置。<br>其中中间两排座位被放倒下来，留了空间。<br>普
        "

0b201064d29848288e48278730109f2b,"幽暗静修室内。<br>王一洋轻轻收回手，心中一动，背后的彩色光翼人缓缓淡化，消失。<br>他仔细感受着自己感知的变化。<br>此时的感知，宛如高高在上的恒星，无时无刻不在释放着刺目光芒。<br>这种光芒极其奇妙，就像是吸收掉了周围一切的彩色光，只剩下黑白残留反射。<br>“我这个
        "

1e1edfe66c254a0797d704516adeca6c,"静修室内。<br>王一洋闭目盘膝，整理状态。<br>他很快注意到已经完成了的新身份奖励任务。<br>‘心灵已经晋升入伟大意志，是否确定完成任务。获取奖励？’<br>视野下方的数据栏上，清晰的显示出这么一条信息。<br>“居然可以直接提前完成任务了？”<br>王一洋有些意外，因为
        "

ca7c3bdb596a4e5c9fda648507d599e4,"妻子苏小小，从一旁走近过来，轻轻握住王一洋的手。<br>王一洋微微摇头，看向周围房间。<br>父亲王心海和母亲薛宁晚也到了。苏小小的父母，苏甚和姚海迪也在。<br>还有女儿王小苏夫妇，表妹薛瑞花和其女儿儿子。<br>以及很多他没怎么见过的远方亲戚。<br>这些人都默默地聚在这里，
        "

0532f218e5b8490999278ac552c8172a,"“贝尔，永续会的变故，你是否知道真相？”西莱卡继续问，“是否和现在的这件事有关联？”<br>“何必再问呢？我们这等境界，其实应该早有预感。”贝尔平静道。<br>“你最好告诉我答案，最近我总有种不好的感觉。似乎有某种力量，正在算计窥视我们。”西莱卡沉声道。<br>“那不是错觉。源自人马
        "

70a55a3f065b4e6b824418a2611cdda4,"“牺牲....什么牺牲，你在说些什么？”<br>雷神愕然的看着王一洋。<br>王一洋面色平静。<br>“宇宙的无数生灵即将迎来终末。<br>我只是在为所有人寻找一条更新的道路，仅此而已。<br>而探索，寻找，需要消耗，需要尝试。在这个过程，总会有付出，总要有牺牲。”<br>“什
        "

6a3aaac02ac24ec39330ea5dcdba9aa8,"4509年，8月20日。<br>永续会会长安第斯，陨落于金牛座空间城。<br>此消息一开始没被泄露，没被发现。<br>但随着其他势力的不断核实联系，很快，便有审判级发现了此事。<br>知道了陨落的到底是谁后。<br>顿时众势力高层一片哗然。<br>永续会对此并无解释，还重新选拔
        "

a0d5819857de4291a0b41c6fdc042229,"幽暗漆黑的空间城主控厅内。<br>墙上细碎的电子灯缓缓闪烁，宛如星辰。<br>安第斯静静站在原地，他身体周围萦绕着三道透明的扭曲力场。<br>三道力场如同三层胶质塑造的椭圆形，死死将他固定在正中。<br>被固定的椭圆空间只有数米直径，但其中空间扭曲，时间被急速变化，时快时慢。<br>
        "

50de5d27d232420e8e31238fd38f041a,"无限幻魔拳，是王一洋一身所学中，集大成而创造出的巅峰拳法。<br>它源自于最初的幻魔指，加上了诸多体系的精华理念，最终结合仙法，魔宗等体系，完善而成。<br>虽然只是王一洋近几年来的初创，但无限幻魔拳，已经渐渐展现出了其恐怖的威能。<br>特别是如今他更是将心灵法典中的东西融入其中。
        "

cc8323b47164443cb269db71af69fc9e,"这台机甲，就是王一洋为自己准备的退路。<br>既然是纯粹的提升心灵精神修为，那就自然要如机甲师一样，打造出能发挥他实力的强大机甲。<br>这台机甲融合了他诸多技术，并夹杂了从缺陷花园等地方弄到的特异物质。<br>王一洋站在空旷空处，望着这台黑色中带着一丝诡异的强大机甲，心中总有种莫名
        "

543defc1f3ea4d739c21dcd44b8ed939,"“可惜。”<br>王一洋蹲下身，仔细检查杀手身份。<br>很快，他将杀手尸体拖起来，摆放在自己的位置上。<br>然后轻轻竖起食指对着杀手面部一点。<br>“起。”<br>嗡。<br>杀手尸体全身一下泛起红光，身上伤口以肉眼可见速度急速愈合。<br>很快，杀手全身再也见不到半点
        "

9521a4a054a5492086a7c3f44657c847,"来人男子容貌俊美，但双目隐隐透着金色，让人一见难忘。<br>“普斯莱。你又来找慧琳？他不在这里。”王越淡淡道。<br>“不，这次我是来找你。”普斯莱嘴角一勾，微笑起来。<br>只是他的微笑，也给人一种决不甘于屈居人之下的味道。<br>“老师当初分别传授我们四种不同武道。我最想要是无
        "

f79c5e5492d14a969d2267b8092d7709,"王一洋慢慢前行，周围不断闪现一道道金色人影，然后朝他扑去。<br>所有人影刚刚靠近他，便自动崩溃消失。<br>全部被关押进思维监牢。<br>“你在对这些怪物做什么？”<br>王一洋正飞速吞噬心灵之力时，突然洪密的声音带着疑惑从他心底传出。<br>“没什么，只是在清扫附近的威胁。为
        "

54897ea4c439471f9d1789cac0b1a1a8,"洪炉道宫。<br>重建的道宫远比之前简朴朴实，更多的是将财富资源投入在防护系统方面。<br>结合了群星科技和仙法阵法的手段，此时的洪炉道宫，几乎是王一洋和冲恒子联手组成的最高结晶。<br>王一洋此时正和冲恒子相对而坐。<br>两人之间静静摆放着一个白玉棋盘，上边闪烁着两种棋子。
        "

1c710a623cb94d88b58647bae550b1df,"‘实际上，机甲师，其实也是走的纯粹心灵路线，这点和夺心魔一族相当类似。’<br>王一洋查阅着这头夺心魔的诸多研究成果。<br>这位有史以来最强大的夺心魔，一生中都在苦苦寻觅突破更高心灵极限的方法。<br>他将这些方法技巧，统合起来，编著成了一个完整体系。<br>比卡列夫将其命名为—
        "

63cab6a6dc194ab487bc83018ed95a5d,"4509年，6月13日。<br>沉湎之星。<br>王家再度增添了两个新成员，王小苏夫妇再度生了两个孩子。<br>苏小小家族，则再度增添了四个新生儿。<br>两家联合举办了一场热闹的内部群婴会。<br>王一洋坐在代表长辈的主位上，微笑着接受晚辈们的拜会。<br>过了今年，他便是六
        "

8cb7bed3157144a6b0681669c16326c1,"“接到了，但我没信。”霍普斯曼笑了笑。“哪想到后来发生了这么多事。”<br>他似乎经历了很多很多东西，在这种恶劣的环境下，还能生活下来。霍普斯曼变了很多。<br>以前，他一开始很自信的，试图动用自己在教派里的人脉辅助自己。<br>可惜，以前那些利益相关的所谓好友，到了关键时刻，根本靠
        "

839ed3c7efff4e27b91f06ea042f0eb5,"‘没...前辈我在听呢，您继续？’王一洋压制心头的冷汗，面色不变道。<br>‘你也知道，任何物体的存在基础，其实就是他的内部结构。<br>内部结构大幅度被改动，就会造成以前的结构彻底崩塌重建的后果。<br>现在的群星宇宙，应该就是基础规则被改变，连带着其他一切都发生改变。’<br>
        "

56221d163b9840cf8d5b74824f2ad813,"王一洋沿着走廊往前，很快来到一个布置着旧家具和旧书架的私人办公室。<br>办公室内。<br>一个戴着灰色圆帽，一身灰色风衣的神秘男人，正端正坐在皮椅上，似乎在等待他的接见。<br>看到王一洋进门，男子缓缓站起身，朝他行了一个脱帽礼。<br>“午安，尊敬的王一洋勋爵。”<br>“午
        "

56c513bd3afa437e8e294f93fdaa4527,"王一洋很难想象，一个高高在上的审判级大佬，会如此脑残，自杀式的朝他直冲过来。<br>不管不顾，出手试图捉拿他魂魄元神。<br>更夸张的是，对方实力确实很强。<br>永夜珠只针对魔修，没防住。<br>而大兄给的法宝铠甲，只是大兄简单炼制的法宝，层次明显不足，没挡住。<br>于是就这
        "

3264f4d06dee4e42a5d7d8931f486c91,"“不过这里的魔气，怎么有点太浓了....”<br>沧玄此时感受到的魔气，已经远超了他内心所预料的浓度。<br>就算是他这个层次，也隐隐从魔气中感受到了丝丝危险。<br>“不过冲恒如今不在，三宗那边其他真仙也都行踪分明，不可能为了保护一个均阳子而委身躲藏这里。”<br>沧玄转念一想，
        "

c74d153470e94875b99591b26d105504,"黄铜大殿内。<br>一道道魔纹宛如红色岩浆线，蜿蜒流转，在大殿地面和墙壁上分散布开。<br>大殿内，诸多魔宗将领分成两排，安然入座。<br>王一洋端坐主位，两侧分别是怨影魔和副宗主原宿沉。<br>空气中漂浮着各式各样的不同魔气。<br>所谓魔气，便是各自将领所修行的魔功，所散发气
        "

8caaf8a454f14021bc7da1b4a90411ef,"“太子，有什么事直说，我来就是给你站台！宗主说了，这段时间，你的话就是他的话。<br>所以现在开始你就是我老大！”<br>洪密逻辑从来都是简单粗暴。<br>话说完，不等王一洋回答，它整个身体骤然一缩，化为无数紫黑火焰，宛如洪流海洋般，朝着王一洋狂涌而去。<br>轰！！<br>无数
        "

99a72f59bbee4687a8e33bc9d6ed8561,"数日后。<br>沉湎之星临近某处，一颗陌生荒芜星球上。<br>土黄色的星球表面，到处是如渔网般的紫色网格，网格闪耀紫色荧光，网眼中隐隐有细微符文魔纹闪耀。<br>整个星球穿过大气后，远远望去，就像是被一张巨大紫色网络包裹住一般。<br>嘶。<br>一道微光闪过，星球大气中，骤然多
        "

1d80fc683e8a46b6895b24211ecca01e,"‘明眼人都能看出，情况有些不对劲，你老师应该只是被栽赃嫁祸。为什么星座军部还是要针对你们？’瓦鲁多体内传出柔和女声。<br>‘很简单，因为他们需要一个替罪羊，他们需要一个最合适的背负罪名的目标。而永续会，最合适。’<br>瓦鲁多此时也收集到了大致的情报。<br>猜到永井老师背后，是有
        "

c547078e20f948e680a3b59de1ba8044,"次日。<br>王一洋静静端坐在房间内，面前香炉青烟直升，萦绕散开。<br>他双眼瞳孔中，不断闪烁着播放之前的决赛现场情景。<br>永井从出现，到袭击，再到自爆，最后被一名白发老人压制。<br>全部的过程影像都在他眼前回放。<br>静静看完画面回放，王一洋没说话，只是伸手将香炉上的
        "

6ffe4bec3d914350a1ca97f9bf40dfd9,"魏欢猛地抬起头，双眼的光芒有些刺目的盯着他。<br>王一洋没有隐瞒，把自己的一些调查尽数告诉给他。<br>无论如何，事实摆在那里，一切让魏欢自己判断。<br>两人一直说了很多，很久，直到魏欢沉默的离开。<br>直到天快黑，决赛快要开始了。<br>王一洋才从长椅上站起身。<br>
        "

e80369d793be4581b865a9beb31f2dc2,"“很多年以前，我就想着能够像他们一样，这么安静的生活。没有矛盾，没有厮杀。<br>甚至连红脸吵架也不会有。”<br>花城的一处小公园内。<br>王一洋驻足站在城市内河边，望着不远处公园里正在荡秋千的小孩子。<br>他的父母就站在一边，不时说话，不时笑闹几句。<br>“很普通的想法
        "

ed9110d06747470e8d460f59d84f8b96,"瓦鲁多乘坐的车队，缓缓在地面上低空飞行，朝着决赛现场驶去。<br>作为一星王子，瓦鲁多从未有过任何时刻松懈。<br>他虽然是第一顺位继承人，但身后有着数十个皇子皇女等着取代他。<br>“怎么样？下午的赛程有把握么？”<br>车内除开他外，还有他名义上的导师，那个一直带着黄金面具的神
        "

5cdf1bd4e98348ed9652483ddef29678,"和网络上极其火热的人气不同。<br>瓦格斯在半人马星上，对群众而言，并没有引起多大的波澜。<br>半人马星上除开大量外来人口外，还有不少本土居民。<br>虽然平均素质极高，七级改造人随处可见，但也是有普通家庭的。<br>王一洋带着雷神在城里闲逛，也看到不少普通人过着平凡而普通的日子
        "

dca8dfe73cdc455885860ee343f7fb09,"王一洋之前也是这么带旧神伊芙出去的。<br>他早就发现，自从从完美之塔出来后，他的身体感知，乃至意识，三元都发生了某种奇异的变化。<br>他似乎正走在全新的进化道路上。<br>也就是完美之塔那层还未完善的新的进化方向。<br>毕竟，他所认为的完美，并非完美之塔所认为的完美。<br>
        "

8607360a3c8048abb23dc0cac3f1ba37,"“在听到开始器发出信号的一瞬间，就是比赛正式开始时。请各位选手注意。”<br>主持人是位高马尾长裙女孩。右手高举，捏着一个奇怪的手势，似乎在和现场的某些人做指挥联动。<br>“第一轮，理论极限测试。”<br>主持人高举的手换了个姿势。<br>王越躺在虚拟现实舱内，闭上眼，任由神经连
        "

b261050f5ff8418a8f1e0a52a8a0a351,"“味道不错。”王一洋笑着将手里的蛋糕放下。<br>他摸了摸手环，视网膜上顿时投射出光幕，显示出之前王越两个孩子遇袭的全过程。<br>还有沉湎之星在这里的三个驻点人员的牺牲。<br>王一洋面色不变，瞬间看完资料信息。<br>不管这事的起因如何，对方敢公然对沉湎之星的人下手，这就是挑衅
        "

42c438a2db134a97ba850fe85d033b88,"白色赛场中，第一分区。<br>王越横身挡在自己妹妹身前，面色肃然中带着一丝紧张。<br>两人正在进入选手入场通道，却迎面遇到一个看起来气质不凡的家伙盯着妹妹慧琳看。<br>此时在两人的对面。<br>一个面色苍白，脸颊上印着数字5的白发少年，正神色平淡的看着两人。<br>“殿下？”
        "

54e5ab2d651f47fdadf052a058c553ef,"“从现在起，他就是你的新主人。”温莎冷着脸过来对她道。<br>“算你运气好！碰到个不错的主人。板着个死人脸给谁看啊？看着就心烦！”<br>温莎看着雪拉木然的面孔，心头一阵火起，正要动手抽人，忽然想起现在这家伙不属于她了。<br>她才遏制住动作，冷哼一声。<br>“走了。”一旁的王一
        "

b25957e8a1614053a9c4b5acc6487e77,"温莎可不管什么倔强自尊。<br>她只知道，雪拉是她买来的奴隶，而现在，这个奴隶不听话了。<br>所以她要惩罚她。<br>她从怀里取出一个六边形蓝色遥控器。<br>“最后问一次，你，现在，去给那个乘客道歉，直到他满意为止。否则....”<br>她把遥控器拿在手上。<br>“雪拉，
        "

3702fb4a6fa44921a67f4c75b9ec1c8e,"既然没法再修行，王一洋索性出关，和亲人打了招呼，便通过跨界阵法，回往群星。<br>五年时间，足以改变太多事情。<br>他打算趁着现在和平无事，四处走走。<br>一边完成任务，一边查探下局势。为天魔宗这边的渗透做准备。<br>想到这里，王一洋起身，离开洞府，架起一道白色遁光，朝着道德
        "

2874f3f2b0564571966b8558533ec4a5,"道德仙宗，天玉山。<br>群山环绕，其中天玉山为最高。如同刀削尖刺。<br>四周尽是悬崖峭壁，不时能看到有护山妖兽灵兽缓缓出没。<br>山体靠近顶端的一处洞**。<br>黑暗中骤然亮起一丝白光。<br>一个容貌精致，宛如女子般的白袍道人，缓缓起身，身旁漂浮着一团团白色火焰。<br>
        "

6c2503a86b3346f1a1299ffd23084c91,"“我来迟了。”王一洋从遁光中显露身形。<br>“没事就好。”<br>冲恒看了眼王一洋，确定他没有之前看到的那么狼狈和浑身是血，心里猜测应该是那个铠甲人的伪装。<br>他心头也放松了下。<br>“有大兄给出的法宝铠甲，自然无事。”王一洋正色道，丝毫没说铠甲被绕过，差点被干掉的事。
        "

6e36529a0435484ab2fdcbcc5225b6db,"融皓子不由分说，虽然知道自己前面派人去抓捕过王一洋，也不知道他为什么会突然冒出来，跑到这里来。<br>但既然看到机会，就没有放过的道理。<br>他一个闪烁，率先一步冲向王一洋。<br>王一洋心头一喜。<br>原本他是打算先和冲恒子汇合，再做打算，既然现在融皓子主动靠近。<br>那
        "

c81d989792054b96833c0bdd5c44063a,"“那可不一定，如今太子已定，朝悦鸿若是突破成功，还好说，若是失败，我们联合太子，掌握真魔器和宗门大阵，到那时便是全新天地！”铠甲人冷哼道。<br>“你决定了？”<br>“当然！这次外敌入侵，不正是最恰当的好机会？”铠甲人笑道。<br>“我天魔宗横扫万界，纵横无敌，现在居然有人敢当面挑
        "

c26ad9ca8bff4c80b599681c4de201db,"洪炉道宫原址。<br>遍布视野的白光和蓝海，宛如两个不同世界，剧烈碰撞对抗着。<br>两片世界的不同色彩，完全以其中悬浮的两人为界。<br>冲恒子手持长剑，袖口上多出一道裂口。<br>“想不到，曾经那个随手可以碾死的蝼蚁，如今竟然能成长到如此地步。”<br>他神色淡然的看着对面，
        "

71281e30faf940b6b2b9a8a31c53e17f,"“居然胆敢和真实世界的怪物勾结，我小看你了。”猫眼男子的头颅滚到一旁，神色依旧平静。<br>“这次是我疏忽了，下次...”<br>嘭！<br>他的头被伊芙一脚踩碎。化为大量机械碎片。<br>“这是什么鬼东西？”伊芙愕然的看着脚下的无数金属碎片。<br>“万灵，一个很难杀死的群体。
        "

cd5d628b78aa48d7b22b481feab992af,"噗。<br>王一洋忽然站定身体，原本快要摔倒的身子也重新违反重力的支起来。<br>“.....真是好险...差点就被你们杀掉了....”<br>他嘴角带起一丝诡异微笑，身上还带着大片血洞和空洞。<br>一些空洞甚至能从正面看到背后。<br>“嗯？？”<br>原本准备收尸离开的两
        "

d4fc4a6e10f647cab2ff4a7d86ed05dc,"一则则广告词，看得王小苏两口子热血沸腾。<br>可惜最后的年龄限制，让他们无法尝试。<br>“不过我家两小子已经八岁了！完全满足上面要求！正好可以去试试！就当见见世面也好。”<br>王小苏心动起来。<br>自己家两个孩子有多聪慧，她是知道的。<br>两孩子简直就是鬼灵精，天赋也极
        "

5f3e1863f14944e7ad9a84a33ba4e228,"群星闪耀。<br>无数圆盘状的巨大空间城，缓缓转动，泛着星星点点蓝色灯光。<br>远处的巨大恒星V-322，散发着无与伦比的耀眼光芒。<br>V-322是整个人马座最大的一颗年长恒星。<br>它正值壮年，是所有星座恒星中最大的一颗。<br>也是伴随着人马座从微末到崛起，再到融入群
        "

c8626cb9d4fe4870a94dc443040c2cc3,"“免礼，如今阴无长老想必已经集结完毕所有魔军了吧？”王一洋平静问。<br>数年前，他面对彗星层的血影，还有些犯怵，但现在，面对这种天魔宗特有的传讯道人，他已经能平等对待。<br>尽管知道这种血影，是通过上千人的鲜血和同等数量的人影子炼制而成。<br>他也能用平常心对待了。<br>“
        "

30a08e13305049178692363a7dc82b40,"积雷山，久远星。<br>一片连绵起伏的巨大山脉中。<br>山顶最高处，一道浑身黝黑甲胄，手持巨大钢叉的身影，正仰望星空，静静感悟着什么。<br>隆...<br>远处天空雷云慢慢汇聚，发出响动。<br>隐约有丝丝蓝色电弧不断闪烁。<br>咔嚓。<br>忽然一道血色闪电，宛如树杈
        "

7364841f85034c5084673c022beeb653,"苏小小这边，则终于在王一洋的不时导气下，成功找到了一门适合她体质的修行法决。<br>那是一门名为花露引的仙道法决。<br>是极其简单，粗糙的修行法门，最高境界顶多能修行到金丹期。<br>这就是极限了。<br>尽管法门的极限只是金丹期，但苏小小依旧异常高兴。<br>因为这代表她终于
        "

3e1bb9948bfb4f0db20b60d59c163c55,"王一洋最终，还是将人一分为二。<br>给了两边各自送去。<br>天魔宗也好，道德仙宗也好，很快便以送去的人为基准，快速反应调查起来。<br>王一洋没有理会调查结果如何。<br>他在交出人之后，很多时候事态就已经不是他能决定的了。<br>他干脆第一时间开始尝试，利用身份任务给出的奖
        "

8f49826795934f9982b972af24d27fbf,"王小苏这边，拿了东西后，回到家，将黄铜色盒子仔细放在桌上。<br>她拿出手环，尝试着再给魏愁拨通号码。<br>但可惜，这次魏愁的手环处于忙音，没有接通。<br>“难道出事了？”王小苏心头担忧。<br>她看着桌上的黄铜色小盒子，想了想，伸手，慢慢放在盒盖上。<br>哧！！<br>
        "

5929f72f03a14419a3118c6b1d8a18a6,"魏愁眼中的平静越发深沉。<br>他忽然想起曾经很久以前，他站在三灵宫的废墟中，发誓要为老师师姐们报仇。<br>可现在的他，依旧无力，依旧弱小。<br>可怜得就像一条狗。<br>卑微如同垃圾。<br>而现在，他甚至还可能会连累到好友王小苏。<br>这一切都是他太弱小所致。<br>
        "

33ae397270fa4a4082b4c89422bcfa13,"“那人太过狡猾。”清微子说起对方，语气有些无奈。<br>“这些事不是你现在能关心的，好好修行，其他的交给我们和你大兄就是。<br>你才多少点修为？别想这么多。”<br>“好吧....”王一洋也知道，自己实力低微，根本没办法参合进这个层次的博弈。<br>“你也别多想，仙宗如今实力雄厚
        "

3ab5ed5d7e3b49e49c31f3bb630880c4,"“.......”王一洋看着这一连串提示，心头一阵卧槽。<br>他终于知道争夺这个天魔宗太子，到底有什么好处了.....<br>虽然都是魔道真元的增速，但魔道本就速度极快，再加上这一系列的加速修行....<br>难怪天魔宗为了这个太子之位，这么多人厮杀。<br>不过，他现在的核心，
        "

45138c5b1f2e4c1ca241ed3786a6f0e1,"王一洋观察了一阵，试图研究一二，但发现无从采样，无从测试，之后也只能作罢。<br>他的研究机构，任务繁重，真实世界里的研究还没出什么成果。<br>实际上没法分心分资源研究这个，只能暂时搁浅。。<br>生活越发平静平稳。<br>国际局势方面，群星和仙道井水不犯河水，仙道和万灵打了一阵
        "

f64a8d43191747af8a5900ddf2fbc5ff,"群星生物大学。<br>北校区。<br>高楼林立，飞行器不断穿梭的大学校园内。<br>“苏...苏苏...你想干嘛？”<br>一个红色短发的俊俏男子，面对高过他一个头的魁梧女子，脸上涨红，浑身透露出胆怯的气息。<br>“崔斯特，怎么？你可是和我一起睡过的男人，怎么？敢睡不敢当？”
        "

e1016f2783a348f395efa644c165b19f,"王一洋没有轻举妄动。<br>这地方明显是对方的主场。<br>就算有审判级的铠甲在，他也不敢随意行事。<br>他抬头，看向更上方，第四层的楼梯。<br>那上面是一团团模糊的黑雾，看不清前路。<br>迟疑了下，王一洋决定按照自己之前的想法，继续前进。<br>摒除刚刚那个神秘人形的干
        "

8e536a3e600741d78d96bdcb88e798d5,"吱....<br>门缓缓向内打开。<br>里面是一个漂浮着无数黑色圆球的明亮大厅。<br>大量的黑色圆球，犹如气球，大小如西瓜，在白色的明亮大厅中，四处漂浮，碰撞。<br>王一洋缓缓走进门。<br>他的脚尖刚踏在坚硬的地面上。<br>顿时一股无法形容的清凉触感，便从脚尖流淌而入
        "

