name,cover,detail_url
新元史,https://a.dushu.com/img/n142.png,/guoxue/101903/
后汉书,https://a.dushu.com/img/n142.png,/guoxue/101902/
明史,https://a.dushu.com/img/n142.png,/guoxue/101901/
元史,https://a.dushu.com/img/n142.png,/guoxue/101900/
隋书,https://a.dushu.com/img/n142.png,/guoxue/101899/
金史,https://a.dushu.com/img/n142.png,/guoxue/101898/
周书,https://a.dushu.com/img/n142.png,/guoxue/101897/
辽史,https://a.dushu.com/img/n142.png,/guoxue/101896/
北齐书,https://a.dushu.com/img/n142.png,/guoxue/101895/
史记,https://a.dushu.com/img/n142.png,/guoxue/101894/
史记三家注,https://a.dushu.com/img/n142.png,/guoxue/101893/
宋史,https://a.dushu.com/img/n142.png,/guoxue/101892/
魏书,https://a.dushu.com/img/n142.png,/guoxue/101891/
新五代史,https://a.dushu.com/img/n142.png,/guoxue/101890/
陈书,https://a.dushu.com/img/n142.png,/guoxue/101889/
旧五代史,https://a.dushu.com/img/n142.png,/guoxue/101888/
汉书,https://a.dushu.com/img/n142.png,/guoxue/101887/
梁书,https://a.dushu.com/img/n142.png,/guoxue/101886/
北史,https://a.dushu.com/img/n142.png,/guoxue/101885/
清史稿,https://a.dushu.com/img/n142.png,/guoxue/101884/
南齐书,https://a.dushu.com/img/n142.png,/guoxue/101883/
南史,https://a.dushu.com/img/n142.png,/guoxue/101882/
晋书,https://a.dushu.com/img/n142.png,/guoxue/101881/
三国志,https://a.dushu.com/img/n142.png,/guoxue/101880/
新唐书,https://a.dushu.com/img/n142.png,/guoxue/101879/
宋书,https://a.dushu.com/img/n142.png,/guoxue/101878/
旧唐书,https://a.dushu.com/img/n142.png,/guoxue/101877/
明史,https://a.dushu.com/img/n142.png,/guoxue/101876/
元史,https://a.dushu.com/img/n142.png,/guoxue/101875/
金史,https://a.dushu.com/img/n142.png,/guoxue/101874/
遼史,https://a.dushu.com/img/n142.png,/guoxue/101873/
宋史,https://a.dushu.com/img/n142.png,/guoxue/101872/
新五代史,https://a.dushu.com/img/n142.png,/guoxue/101871/
舊五代史,https://a.dushu.com/img/n142.png,/guoxue/101870/
三國志 裴松之注,https://a.dushu.com/img/n142.png,/guoxue/101869/
新唐書,https://a.dushu.com/img/n142.png,/guoxue/101868/
舊唐書,https://a.dushu.com/img/n142.png,/guoxue/101867/
隋書,https://a.dushu.com/img/n142.png,/guoxue/101866/
南史,https://a.dushu.com/img/n142.png,/guoxue/101865/
北史,https://a.dushu.com/img/n142.png,/guoxue/101864/
轩辕黄帝传,https://a.dushu.com/img/n142.png,/guoxue/102278/
贫士传,https://a.dushu.com/img/n142.png,/guoxue/102277/
象台首末,https://a.dushu.com/img/n142.png,/guoxue/102276/
诸葛忠武书,https://a.dushu.com/img/n142.png,/guoxue/102275/
襄阳耆旧记,https://a.dushu.com/img/n142.png,/guoxue/102274/
蕅益大师年谱,https://a.dushu.com/img/n142.png,/guoxue/102273/
续吴先贤赞,https://a.dushu.com/img/n142.png,/guoxue/102272/
稼轩先生年谱,https://a.dushu.com/img/n142.png,/guoxue/102271/
稗史集传,https://a.dushu.com/img/n142.png,/guoxue/102270/
福建通志列传选,https://a.dushu.com/img/n142.png,/guoxue/102269/
皇明名僧辑略,https://a.dushu.com/img/n142.png,/guoxue/102268/
百越先贤志,https://a.dushu.com/img/n142.png,/guoxue/102267/
白石道人年谱,https://a.dushu.com/img/n142.png,/guoxue/102266/
清耆献类征选编,https://a.dushu.com/img/n142.png,/guoxue/102265/
清真居士年谱,https://a.dushu.com/img/n142.png,/guoxue/102264/
清先正事略选,https://a.dushu.com/img/n142.png,/guoxue/102263/
清代学人列传,https://a.dushu.com/img/n142.png,/guoxue/102262/
浦阳人物记,https://a.dushu.com/img/n142.png,/guoxue/102261/
殿阁词林记,https://a.dushu.com/img/n142.png,/guoxue/102260/
查东山先生年谱,https://a.dushu.com/img/n142.png,/guoxue/102259/
松亭行纪,https://a.dushu.com/img/n142.png,/guoxue/102258/
杜工部诗年谱,https://a.dushu.com/img/n142.png,/guoxue/102257/
杜工部年谱,https://a.dushu.com/img/n142.png,/guoxue/102256/
李相国论事集,https://a.dushu.com/img/n142.png,/guoxue/102255/
朱子年谱考异,https://a.dushu.com/img/n142.png,/guoxue/102254/
曾文正公年谱,https://a.dushu.com/img/n142.png,/guoxue/102253/
晏子春秋,https://a.dushu.com/img/n142.png,/guoxue/102252/
昭忠录,https://a.dushu.com/img/n142.png,/guoxue/102251/
明高僧传,https://a.dushu.com/img/n142.png,/guoxue/102250/
明名臣琬琰续录,https://a.dushu.com/img/n142.png,/guoxue/102249/
明名臣琬琰录,https://a.dushu.com/img/n142.png,/guoxue/102248/
扈从东巡日录,https://a.dushu.com/img/n142.png,/guoxue/102247/
徐闇公先生年谱,https://a.dushu.com/img/n142.png,/guoxue/102246/
廉吏传,https://a.dushu.com/img/n142.png,/guoxue/102245/
庆元党禁,https://a.dushu.com/img/n142.png,/guoxue/102244/
广卓异记,https://a.dushu.com/img/n142.png,/guoxue/102243/
小酉腴山馆主人自着年谱,https://a.dushu.com/img/n142.png,/guoxue/102242/
小腆纪传,https://a.dushu.com/img/n142.png,/guoxue/102241/
宋元学案,https://a.dushu.com/img/n142.png,/guoxue/102240/
宁海将军固山贝子功绩录,https://a.dushu.com/img/n142.png,/guoxue/102239/
钦定重订契丹国志,https://a.dushu.com/img/n142.png,/guoxue/108275/
钦定重订大金国志,https://a.dushu.com/img/n142.png,/guoxue/108274/
钦定续通志,https://a.dushu.com/img/n142.png,/guoxue/108273/
钦定辽金元三史国语解,https://a.dushu.com/img/n142.png,/guoxue/102325/
辽史拾遗,https://a.dushu.com/img/n142.png,/guoxue/102324/
读史记十表,https://a.dushu.com/img/n142.png,/guoxue/102323/
补后汉书年表,https://a.dushu.com/img/n142.png,/guoxue/102322/
班马异同,https://a.dushu.com/img/n142.png,/guoxue/102321/
史记集解,https://a.dushu.com/img/n142.png,/guoxue/102320/
史记疑问,https://a.dushu.com/img/n142.png,/guoxue/102319/
警世钟,https://a.dushu.com/img/n142.png,/guoxue/108221/
革命军,https://a.dushu.com/img/n142.png,/guoxue/108220/
大同书,https://a.dushu.com/img/n142.png,/guoxue/108219/
郝氏续后汉书,https://a.dushu.com/img/n142.png,/guoxue/108272/
通志,https://a.dushu.com/img/n142.png,/guoxue/108271/
补历代史表,https://a.dushu.com/img/n142.png,/guoxue/108270/
萧氏续后汉书,https://a.dushu.com/img/n142.png,/guoxue/108269/
史记四库,https://a.dushu.com/img/n142.png,/guoxue/102318/
前汉书,https://a.dushu.com/img/n142.png,/guoxue/102317/
三国志补注,https://a.dushu.com/img/n142.png,/guoxue/102316/
革除遗事,https://a.dushu.com/img/n142.png,/guoxue/102315/
钱塘遗事,https://a.dushu.com/img/n142.png,/guoxue/102314/
辽纪,https://a.dushu.com/img/n142.png,/guoxue/102313/
贞陵遗事,https://a.dushu.com/img/n142.png,/guoxue/102312/
骈志,https://a.dushu.com/img/n142.png,/guoxue/103424/
韵府群玉,https://a.dushu.com/img/n142.png,/guoxue/103423/
锦绣万花谷,https://a.dushu.com/img/n142.png,/guoxue/103422/
读书纪数略,https://a.dushu.com/img/n142.png,/guoxue/103421/
说略,https://a.dushu.com/img/n142.png,/guoxue/103420/
记纂渊海,https://a.dushu.com/img/n142.png,/guoxue/103419/
职官分纪,https://a.dushu.com/img/n142.png,/guoxue/103418/
翰苑新书,https://a.dushu.com/img/n142.png,/guoxue/103417/
群书考索,https://a.dushu.com/img/n142.png,/guoxue/103416/
元朝秘史,https://a.dushu.com/img/n142.png,/guoxue/102038/
春秋战国异辞,https://a.dushu.com/img/n142.png,/guoxue/108268/
春秋别典,https://a.dushu.com/img/n142.png,/guoxue/108267/
御定历代纪事年表,https://a.dushu.com/img/n142.png,/guoxue/108266/
尚史,https://a.dushu.com/img/n142.png,/guoxue/108265/
后汉书补逸,https://a.dushu.com/img/n142.png,/guoxue/108264/
翰苑遗事,https://a.dushu.com/img/n142.png,/guoxue/102311/
燕翼诒谋录,https://a.dushu.com/img/n142.png,/guoxue/102310/
渚宫旧事,https://a.dushu.com/img/n142.png,/guoxue/102309/
汝南遗事,https://a.dushu.com/img/n142.png,/guoxue/102308/
旧京遗事,https://a.dushu.com/img/n142.png,/guoxue/102307/
弇山堂别集,https://a.dushu.com/img/n142.png,/guoxue/102306/
庚申君遗事,https://a.dushu.com/img/n142.png,/guoxue/102305/
群书会元截江网,https://a.dushu.com/img/n142.png,/guoxue/103415/
编珠,https://a.dushu.com/img/n142.png,/guoxue/103414/
经济类编,https://a.dushu.com/img/n142.png,/guoxue/103413/
稗编,https://a.dushu.com/img/n142.png,/guoxue/103412/
白孔六帖,https://a.dushu.com/img/n142.png,/guoxue/103411/
玉海,https://a.dushu.com/img/n142.png,/guoxue/103410/
乙酉扬州城守纪略,https://a.dushu.com/img/n142.png,/guoxue/102037/
扬州十日记,https://a.dushu.com/img/n142.png,/guoxue/102036/
江阴城守纪,https://a.dushu.com/img/n142.png,/guoxue/102035/
张文襄公事略,https://a.dushu.com/img/n142.png,/guoxue/102034/
云中事记,https://a.dushu.com/img/n142.png,/guoxue/102033/
云中纪变,https://a.dushu.com/img/n142.png,/guoxue/102032/
古史,https://a.dushu.com/img/n142.png,/guoxue/108263/
古今纪要,https://a.dushu.com/img/n142.png,/guoxue/108262/
东都事略,https://a.dushu.com/img/n142.png,/guoxue/108261/
雪屐寻碑录,https://a.dushu.com/img/n142.png,/guoxue/108260/
隆平集,https://a.dushu.com/img/n142.png,/guoxue/108259/
银雀山汉墓竹简,https://a.dushu.com/img/n142.png,/guoxue/108258/
金声巧联,https://a.dushu.com/img/n142.png,/guoxue/104332/
时古对类,https://a.dushu.com/img/n142.png,/guoxue/104331/
平汉录,https://a.dushu.com/img/n142.png,/guoxue/102304/
太平治迹统类,https://a.dushu.com/img/n142.png,/guoxue/102303/
北狩见闻录,https://a.dushu.com/img/n142.png,/guoxue/102302/
新史学,https://a.dushu.com/img/n142.png,/guoxue/108224/
闽都记,https://a.dushu.com/img/n142.png,/guoxue/124164/
靖康要录,https://a.dushu.com/img/n142.png,/guoxue/101967/
通鉴释文辨误,https://a.dushu.com/img/n142.png,/guoxue/101966/
海录碎事,https://a.dushu.com/img/n142.png,/guoxue/103409/
氏族大全,https://a.dushu.com/img/n142.png,/guoxue/103408/
格致镜原,https://a.dushu.com/img/n142.png,/guoxue/103407/
御定骈字类编,https://a.dushu.com/img/n142.png,/guoxue/103406/
御定韵府拾遗,https://a.dushu.com/img/n142.png,/guoxue/103405/
御定渊鉴类函,https://a.dushu.com/img/n142.png,/guoxue/103404/
野记,https://a.dushu.com/img/n142.png,/guoxue/102031/
鸦片事略,https://a.dushu.com/img/n142.png,/guoxue/102030/
湘山野录,https://a.dushu.com/img/n142.png,/guoxue/102029/
湘军志,https://a.dushu.com/img/n142.png,/guoxue/102028/
献帝春秋,https://a.dushu.com/img/n142.png,/guoxue/102027/
熙朝新语,https://a.dushu.com/img/n142.png,/guoxue/102026/
西巡回銮始末,https://a.dushu.com/img/n142.png,/guoxue/102025/
郑氏史料续辑,https://a.dushu.com/img/n142.png,/guoxue/108257/
郑氏史料初编,https://a.dushu.com/img/n142.png,/guoxue/108256/
郑氏史料三编,https://a.dushu.com/img/n142.png,/guoxue/108255/
郑氏关系文书,https://a.dushu.com/img/n142.png,/guoxue/108254/
道光年间各省民数谷数清册,https://a.dushu.com/img/n142.png,/guoxue/108253/
路史,https://a.dushu.com/img/n142.png,/guoxue/108252/
纂修四库全书档案,https://a.dushu.com/img/n142.png,/guoxue/108251/
筹办夷务始末选辑,https://a.dushu.com/img/n142.png,/guoxue/108250/
睡虎地秦简,https://a.dushu.com/img/n142.png,/guoxue/108249/
甲戌公牍钞存,https://a.dushu.com/img/n142.png,/guoxue/108248/
方言巧对,https://a.dushu.com/img/n142.png,/guoxue/104330/
对联话,https://a.dushu.com/img/n142.png,/guoxue/104329/
对类,https://a.dushu.com/img/n142.png,/guoxue/104328/
声律发蒙,https://a.dushu.com/img/n142.png,/guoxue/104327/
四书韵对,https://a.dushu.com/img/n142.png,/guoxue/104326/
吴下谚联,https://a.dushu.com/img/n142.png,/guoxue/104325/
半九亭集,https://a.dushu.com/img/n142.png,/guoxue/104324/
初学晬盘,https://a.dushu.com/img/n142.png,/guoxue/104323/
仄韵声律启蒙,https://a.dushu.com/img/n142.png,/guoxue/104322/
笠翁对韵,https://a.dushu.com/img/n142.png,/guoxue/104321/
五代史补,https://a.dushu.com/img/n142.png,/guoxue/102301/
包公案-百家公案,https://a.dushu.com/img/n142.png,/guoxue/102300/
九家舊晉書輯本,https://a.dushu.com/img/n142.png,/guoxue/102299/
八家后汉书辑注,https://a.dushu.com/img/n142.png,/guoxue/102298/
東觀漢記校注,https://a.dushu.com/img/n142.png,/guoxue/102297/
北狩见闻录,https://a.dushu.com/img/n142.png,/guoxue/102296/
大金吊伐录,https://a.dushu.com/img/n142.png,/guoxue/102295/
续焚书,https://a.dushu.com/img/n142.png,/guoxue/108218/
焚书,https://a.dushu.com/img/n142.png,/guoxue/108216/
雪涛谐史,https://a.dushu.com/img/n142.png,/guoxue/104057/
解愠编,https://a.dushu.com/img/n142.png,/guoxue/104056/
笑林,https://a.dushu.com/img/n142.png,/guoxue/104055/
笑得好,https://a.dushu.com/img/n142.png,/guoxue/104054/
闽部疏,https://a.dushu.com/img/n142.png,/guoxue/124163/
闽县乡土志,https://a.dushu.com/img/n142.png,/guoxue/124162/
长安志,https://a.dushu.com/img/n142.png,/guoxue/124161/
长乐六里志,https://a.dushu.com/img/n142.png,/guoxue/124160/
锦州府志,https://a.dushu.com/img/n142.png,/guoxue/124159/
通鉴胡注举正,https://a.dushu.com/img/n142.png,/guoxue/101965/
通鉴续编,https://a.dushu.com/img/n142.png,/guoxue/101964/
通鉴地理通释,https://a.dushu.com/img/n142.png,/guoxue/101963/
资治通鉴释例,https://a.dushu.com/img/n142.png,/guoxue/101962/
御定子史精华,https://a.dushu.com/img/n142.png,/guoxue/103403/
御定分类字锦,https://a.dushu.com/img/n142.png,/guoxue/103402/
御定佩文韵府,https://a.dushu.com/img/n142.png,/guoxue/103401/
广博物志,https://a.dushu.com/img/n142.png,/guoxue/103400/
帝王经世图谱,https://a.dushu.com/img/n142.png,/guoxue/103399/
钦定古今储贰金鉴,https://a.dushu.com/img/n142.png,/guoxue/102370/
西夏书事,https://a.dushu.com/img/n142.png,/guoxue/102024/
西夏事略,https://a.dushu.com/img/n142.png,/guoxue/102023/
五国故事,https://a.dushu.com/img/n142.png,/guoxue/102022/
五代新说,https://a.dushu.com/img/n142.png,/guoxue/102021/
五代史阙文,https://a.dushu.com/img/n142.png,/guoxue/102020/
五代春秋,https://a.dushu.com/img/n142.png,/guoxue/102019/
魏晋世语,https://a.dushu.com/img/n142.png,/guoxue/102018/
万历野获编,https://a.dushu.com/img/n142.png,/guoxue/102017/
满洲实录,https://a.dushu.com/img/n142.png,/guoxue/108247/
满文老档,https://a.dushu.com/img/n142.png,/guoxue/108246/
满洲秘档选辑,https://a.dushu.com/img/n142.png,/guoxue/108245/
清实录顺治朝实录,https://a.dushu.com/img/n142.png,/guoxue/108241/
清实录雍正朝实录,https://a.dushu.com/img/n142.png,/guoxue/108240/
清实录道光朝实录,https://a.dushu.com/img/n142.png,/guoxue/108239/
清实录康熙朝实录,https://a.dushu.com/img/n142.png,/guoxue/108238/
清实录宣统朝政纪,https://a.dushu.com/img/n142.png,/guoxue/108237/
马氏南唐书,https://a.dushu.com/img/n142.png,/guoxue/102422/
陆氏南唐书,https://a.dushu.com/img/n142.png,/guoxue/102421/
朝鲜史略,https://a.dushu.com/img/n142.png,/guoxue/102420/
安南志略,https://a.dushu.com/img/n142.png,/guoxue/102419/
十国春秋,https://a.dushu.com/img/n142.png,/guoxue/102418/
别本十六国春秋,https://a.dushu.com/img/n142.png,/guoxue/102417/
初学晬盘,https://a.dushu.com/img/n142.png,/guoxue/104320/
楹联丛话全编,https://a.dushu.com/img/n142.png,/guoxue/104319/
笠翁对韵,https://a.dushu.com/img/n142.png,/guoxue/104318/
声律启蒙,https://a.dushu.com/img/n142.png,/guoxue/104317/
文赋,https://a.dushu.com/img/n142.png,/guoxue/104316/
哀江南赋,https://a.dushu.com/img/n142.png,/guoxue/104315/
二十四赋品,https://a.dushu.com/img/n142.png,/guoxue/104314/
五代史补,https://a.dushu.com/img/n142.png,/guoxue/102294/
契丹國志,https://a.dushu.com/img/n142.png,/guoxue/102293/
贞观政要,https://a.dushu.com/img/n142.png,/guoxue/102292/
松漠纪闻,https://a.dushu.com/img/n142.png,/guoxue/102291/
安南傳,https://a.dushu.com/img/n142.png,/guoxue/102290/
平宋录,https://a.dushu.com/img/n142.png,/guoxue/102289/
笑典,https://a.dushu.com/img/n142.png,/guoxue/104053/
广笑府,https://a.dushu.com/img/n142.png,/guoxue/104052/
古今笑史,https://a.dushu.com/img/n142.png,/guoxue/104051/
笑赞,https://a.dushu.com/img/n142.png,/guoxue/104050/
笑林,https://a.dushu.com/img/n142.png,/guoxue/104049/
十二笑,https://a.dushu.com/img/n142.png,/guoxue/104048/
笑赞,https://a.dushu.com/img/n142.png,/guoxue/104047/
锦县志,https://a.dushu.com/img/n142.png,/guoxue/124158/
铁岭县志,https://a.dushu.com/img/n142.png,/guoxue/124157/
钵池山志,https://a.dushu.com/img/n142.png,/guoxue/124156/
钦定满洲源流考,https://a.dushu.com/img/n142.png,/guoxue/124155/
钦定日下旧闻考,https://a.dushu.com/img/n142.png,/guoxue/124154/
资治通鉴考异,https://a.dushu.com/img/n142.png,/guoxue/101961/
资治通鉴目录,https://a.dushu.com/img/n142.png,/guoxue/101960/
资治通鉴四库,https://a.dushu.com/img/n142.png,/guoxue/101959/
资治通鉴后编,https://a.dushu.com/img/n142.png,/guoxue/101958/
山堂肆考,https://a.dushu.com/img/n142.png,/guoxue/103398/
小学绀珠,https://a.dushu.com/img/n142.png,/guoxue/103397/
小名录,https://a.dushu.com/img/n142.png,/guoxue/103396/
实宾录,https://a.dushu.com/img/n142.png,/guoxue/103395/
通鉴答问,https://a.dushu.com/img/n142.png,/guoxue/102369/
评鉴阐要,https://a.dushu.com/img/n142.png,/guoxue/102368/
涉史随笔,https://a.dushu.com/img/n142.png,/guoxue/102367/
外交小史,https://a.dushu.com/img/n142.png,/guoxue/102016/
唐国史补,https://a.dushu.com/img/n142.png,/guoxue/102015/
历代建元考,https://a.dushu.com/img/n142.png,/guoxue/102502/
清实录嘉庆朝实录,https://a.dushu.com/img/n142.png,/guoxue/108236/
清实录咸丰朝实录,https://a.dushu.com/img/n142.png,/guoxue/108235/
清实录同治朝实录,https://a.dushu.com/img/n142.png,/guoxue/108234/
清实录光绪朝实录,https://a.dushu.com/img/n142.png,/guoxue/108233/
续茶经,https://a.dushu.com/img/n142.png,/guoxue/106058/
黑鞑事略,https://a.dushu.com/img/n142.png,/guoxue/102416/
高丽史,https://a.dushu.com/img/n142.png,/guoxue/102415/
锦里耆旧传,https://a.dushu.com/img/n142.png,/guoxue/102414/
钓矶立谈,https://a.dushu.com/img/n142.png,/guoxue/102413/
金志,https://a.dushu.com/img/n142.png,/guoxue/102412/
金小史,https://a.dushu.com/img/n142.png,/guoxue/102411/
二京赋,https://a.dushu.com/img/n142.png,/guoxue/104313/
钦定补绘萧云从离骚全图,https://a.dushu.com/img/n142.png,/guoxue/104312/
楚辞集注楚辞辩证楚辞后语,https://a.dushu.com/img/n142.png,/guoxue/104311/
楚辞章句,https://a.dushu.com/img/n142.png,/guoxue/104310/
山带阁注楚辞楚辞余论楚辞说韵,https://a.dushu.com/img/n142.png,/guoxue/104309/
离骚草木疏,https://a.dushu.com/img/n142.png,/guoxue/104308/
楚辞集注辩证后语,https://a.dushu.com/img/n142.png,/guoxue/104307/
楚辞补注,https://a.dushu.com/img/n142.png,/guoxue/104306/
楚辞芳草谱,https://a.dushu.com/img/n142.png,/guoxue/104305/
治安文献,https://a.dushu.com/img/n142.png,/guoxue/102582/
戰國策,https://a.dushu.com/img/n142.png,/guoxue/102288/
五代史阙文,https://a.dushu.com/img/n142.png,/guoxue/102287/
东观汉记校注,https://a.dushu.com/img/n142.png,/guoxue/102286/
笑林广记,https://a.dushu.com/img/n142.png,/guoxue/104046/
邃汉斋谜话,https://a.dushu.com/img/n142.png,/guoxue/104045/
集古录,https://a.dushu.com/img/n142.png,/guoxue/102650/
金鳌退食笔记,https://a.dushu.com/img/n142.png,/guoxue/124153/
金陵物产风土志,https://a.dushu.com/img/n142.png,/guoxue/124152/
金门志,https://a.dushu.com/img/n142.png,/guoxue/124151/
重修福建台湾府志,https://a.dushu.com/img/n142.png,/guoxue/124150/
重修台郡各建筑图说,https://a.dushu.com/img/n142.png,/guoxue/124149/
重修台湾府志,https://a.dushu.com/img/n142.png,/guoxue/124148/
重修台湾府志,https://a.dushu.com/img/n142.png,/guoxue/124147/
资治通鉴前编,https://a.dushu.com/img/n142.png,/guoxue/101957/
西汉年纪,https://a.dushu.com/img/n142.png,/guoxue/101956/
续宋编年资治通鉴,https://a.dushu.com/img/n142.png,/guoxue/101955/
纲目订误,https://a.dushu.com/img/n142.png,/guoxue/101954/
纲目续麟,https://a.dushu.com/img/n142.png,/guoxue/101953/
纲目分注拾遗,https://a.dushu.com/img/n142.png,/guoxue/101952/
钦定石峰堡纪略,https://a.dushu.com/img/n142.png,/guoxue/102698/
霞外杂俎,https://a.dushu.com/img/n142.png,/guoxue/105093/
麻衣相法大全,https://a.dushu.com/img/n142.png,/guoxue/105551/
鬼谷子神奇相法全书,https://a.dushu.com/img/n142.png,/guoxue/105550/
面相浅义,https://a.dushu.com/img/n142.png,/guoxue/105549/
解梦门诊,https://a.dushu.com/img/n142.png,/guoxue/105548/
解梦全书,https://a.dushu.com/img/n142.png,/guoxue/105547/
神相铁关刀,https://a.dushu.com/img/n142.png,/guoxue/105546/
针灸甲针,https://a.dushu.com/img/n142.png,/guoxue/108225/
医脉摘要,https://a.dushu.com/img/n142.png,/guoxue/106539/
医经读,https://a.dushu.com/img/n142.png,/guoxue/106538/
医经小学,https://a.dushu.com/img/n142.png,/guoxue/106537/
姓氏急就篇,https://a.dushu.com/img/n142.png,/guoxue/103394/
天中记,https://a.dushu.com/img/n142.png,/guoxue/103393/
图书编,https://a.dushu.com/img/n142.png,/guoxue/103392/
喻林,https://a.dushu.com/img/n142.png,/guoxue/103391/
名贤氏族言行类稿,https://a.dushu.com/img/n142.png,/guoxue/103390/
名疑,https://a.dushu.com/img/n142.png,/guoxue/103389/
同姓名录,https://a.dushu.com/img/n142.png,/guoxue/103388/
御批资治通鉴纲目前编,https://a.dushu.com/img/n142.png,/guoxue/102366/
御批资治通鉴纲目,https://a.dushu.com/img/n142.png,/guoxue/102365/
御批续资治通鉴纲目,https://a.dushu.com/img/n142.png,/guoxue/102364/
唐鉴,https://a.dushu.com/img/n142.png,/guoxue/102363/
史纂通要,https://a.dushu.com/img/n142.png,/guoxue/102362/
两汉笔记,https://a.dushu.com/img/n142.png,/guoxue/102361/
金方镇年表,https://a.dushu.com/img/n142.png,/guoxue/102360/
通鉴问疑,https://a.dushu.com/img/n142.png,/guoxue/102359/
太平天国战记,https://a.dushu.com/img/n142.png,/guoxue/102014/
隋唐嘉话,https://a.dushu.com/img/n142.png,/guoxue/102013/
宋朝事实,https://a.dushu.com/img/n142.png,/guoxue/102012/
蜀王本纪,https://a.dushu.com/img/n142.png,/guoxue/102011/
十叶野闻,https://a.dushu.com/img/n142.png,/guoxue/102010/
北郊配位尊西向议,https://a.dushu.com/img/n142.png,/guoxue/102501/
八旬万寿盛典,https://a.dushu.com/img/n142.png,/guoxue/102500/
五代会要,https://a.dushu.com/img/n142.png,/guoxue/102499/
龙井访茶记,https://a.dushu.com/img/n142.png,/guoxue/106057/
随息居饮食谱,https://a.dushu.com/img/n142.png,/guoxue/106056/
醒园录,https://a.dushu.com/img/n142.png,/guoxue/106055/
醉古堂剑扫卷,https://a.dushu.com/img/n142.png,/guoxue/106054/
醉乡日月,https://a.dushu.com/img/n142.png,/guoxue/106053/
酒谱,https://a.dushu.com/img/n142.png,/guoxue/106052/
邺中记,https://a.dushu.com/img/n142.png,/guoxue/102410/
越史略,https://a.dushu.com/img/n142.png,/guoxue/102409/
楚辞章句疏证,https://a.dushu.com/img/n142.png,/guoxue/104304/
楚辞芳草谱,https://a.dushu.com/img/n142.png,/guoxue/104303/
楚辞补註,https://a.dushu.com/img/n142.png,/guoxue/104302/
楚辭,https://a.dushu.com/img/n142.png,/guoxue/104301/
文心雕龙译注,https://a.dushu.com/img/n142.png,/guoxue/104300/
楚辞,https://a.dushu.com/img/n142.png,/guoxue/104299/
求治管见,https://a.dushu.com/img/n142.png,/guoxue/102581/
樊山政书,https://a.dushu.com/img/n142.png,/guoxue/102580/
校邠庐抗议,https://a.dushu.com/img/n142.png,/guoxue/102579/
杂着,https://a.dushu.com/img/n142.png,/guoxue/102578/
未信编,https://a.dushu.com/img/n142.png,/guoxue/102577/
朝野类要,https://a.dushu.com/img/n142.png,/guoxue/102576/
谈虎偶录,https://a.dushu.com/img/n142.png,/guoxue/104044/
评注灯虎辩类,https://a.dushu.com/img/n142.png,/guoxue/104043/
纸醉庐春灯百话,https://a.dushu.com/img/n142.png,/guoxue/104042/
犬窝谜话,https://a.dushu.com/img/n142.png,/guoxue/104041/
灵箫阁谜话初集,https://a.dushu.com/img/n142.png,/guoxue/104040/
灯猜丛话,https://a.dushu.com/img/n142.png,/guoxue/104039/
橐园春灯话,https://a.dushu.com/img/n142.png,/guoxue/104038/
棣萼室谈虎,https://a.dushu.com/img/n142.png,/guoxue/104037/
文虎,https://a.dushu.com/img/n142.png,/guoxue/104036/
慧观室谜,https://a.dushu.com/img/n142.png,/guoxue/104035/
隶释,https://a.dushu.com/img/n142.png,/guoxue/102649/
隶续,https://a.dushu.com/img/n142.png,/guoxue/102648/
钦定重刻淳化阁帖释文,https://a.dushu.com/img/n142.png,/guoxue/102647/
钦定天禄琳琅书目,https://a.dushu.com/img/n142.png,/guoxue/102646/
金薤琳琅,https://a.dushu.com/img/n142.png,/guoxue/102645/
重修台湾县志,https://a.dushu.com/img/n142.png,/guoxue/124121/
重修凤山县志,https://a.dushu.com/img/n142.png,/guoxue/124120/
都城记胜,https://a.dushu.com/img/n142.png,/guoxue/124119/
竹书统笺,https://a.dushu.com/img/n142.png,/guoxue/101951/
稽古录,https://a.dushu.com/img/n142.png,/guoxue/101950/
钦定平定金川方略,https://a.dushu.com/img/n142.png,/guoxue/102697/
钦定剿捕临清逆匪纪略,https://a.dushu.com/img/n142.png,/guoxue/102696/
钦定兰州纪略,https://a.dushu.com/img/n142.png,/guoxue/102695/
通鉴纪事本末,https://a.dushu.com/img/n142.png,/guoxue/102694/
陆氏家制,https://a.dushu.com/img/n142.png,/guoxue/105092/
闺范,https://a.dushu.com/img/n142.png,/guoxue/105091/
郑敬中摘语,https://a.dushu.com/img/n142.png,/guoxue/105090/
诫子拾遗,https://a.dushu.com/img/n142.png,/guoxue/105089/
西畴老人常言,https://a.dushu.com/img/n142.png,/guoxue/105088/
神相全编,https://a.dushu.com/img/n142.png,/guoxue/105545/
相法神仙断,https://a.dushu.com/img/n142.png,/guoxue/105544/
相学秘籍,https://a.dushu.com/img/n142.png,/guoxue/105543/
痣相图解,https://a.dushu.com/img/n142.png,/guoxue/105542/
梦的解析,https://a.dushu.com/img/n142.png,/guoxue/105541/
医病简要,https://a.dushu.com/img/n142.png,/guoxue/106536/
医略,https://a.dushu.com/img/n142.png,/guoxue/106535/
医理真传,https://a.dushu.com/img/n142.png,/guoxue/106534/
医源,https://a.dushu.com/img/n142.png,/guoxue/106533/
医津一筏,https://a.dushu.com/img/n142.png,/guoxue/106532/
医案精华,https://a.dushu.com/img/n142.png,/guoxue/106531/
医林琐语,https://a.dushu.com/img/n142.png,/guoxue/106530/
辽方镇年表,https://a.dushu.com/img/n142.png,/guoxue/102358/
经幄管见,https://a.dushu.com/img/n142.png,/guoxue/102357/
旧闻证误,https://a.dushu.com/img/n142.png,/guoxue/102356/
廿二史札记,https://a.dushu.com/img/n142.png,/guoxue/102355/
宋大事记讲义,https://a.dushu.com/img/n142.png,/guoxue/102354/
学史,https://a.dushu.com/img/n142.png,/guoxue/102353/
唐史论断,https://a.dushu.com/img/n142.png,/guoxue/102352/
唐书直笔,https://a.dushu.com/img/n142.png,/guoxue/102351/
十六国春秋别本,https://a.dushu.com/img/n142.png,/guoxue/102009/
三国杂事,https://a.dushu.com/img/n142.png,/guoxue/102008/
清暑笔谈,https://a.dushu.com/img/n142.png,/guoxue/102007/
清宫禁二年记,https://a.dushu.com/img/n142.png,/guoxue/102006/
清代野记,https://a.dushu.com/img/n142.png,/guoxue/102005/
清朝前纪,https://a.dushu.com/img/n142.png,/guoxue/102004/
奴才小史,https://a.dushu.com/img/n142.png,/guoxue/102003/
南征录汇,https://a.dushu.com/img/n142.png,/guoxue/102002/
南岳小录,https://a.dushu.com/img/n142.png,/guoxue/102001/
南北朝杂记,https://a.dushu.com/img/n142.png,/guoxue/102000/
南迁录,https://a.dushu.com/img/n142.png,/guoxue/101999/
东汉会要,https://a.dushu.com/img/n142.png,/guoxue/102498/
万寿盛典初集,https://a.dushu.com/img/n142.png,/guoxue/102497/
七国攷,https://a.dushu.com/img/n142.png,/guoxue/102496/
马政纪,https://a.dushu.com/img/n142.png,/guoxue/102495/
钱通,https://a.dushu.com/img/n142.png,/guoxue/102494/
钦定宪法大纲,https://a.dushu.com/img/n142.png,/guoxue/102493/
通制条格,https://a.dushu.com/img/n142.png,/guoxue/102492/
谥法,https://a.dushu.com/img/n142.png,/guoxue/102491/
酒经,https://a.dushu.com/img/n142.png,/guoxue/106051/
酒人觞政,https://a.dushu.com/img/n142.png,/guoxue/106050/
述煮茶泉品,https://a.dushu.com/img/n142.png,/guoxue/106049/
蜀梼杌,https://a.dushu.com/img/n142.png,/guoxue/102408/
蒙鞑备录,https://a.dushu.com/img/n142.png,/guoxue/102407/
翰苑,https://a.dushu.com/img/n142.png,/guoxue/102406/
琉球国志略,https://a.dushu.com/img/n142.png,/guoxue/102405/
渤海考,https://a.dushu.com/img/n142.png,/guoxue/102404/
江表志,https://a.dushu.com/img/n142.png,/guoxue/102403/
江南别录,https://a.dushu.com/img/n142.png,/guoxue/102402/
江南余载,https://a.dushu.com/img/n142.png,/guoxue/102401/
楚辞补註,https://a.dushu.com/img/n142.png,/guoxue/104298/
六十种曲金莲记,https://a.dushu.com/img/n142.png,/guoxue/104297/
六十种曲邯郸记,https://a.dushu.com/img/n142.png,/guoxue/104296/
六十种曲还魂记,https://a.dushu.com/img/n142.png,/guoxue/104295/
六十种曲运甓记,https://a.dushu.com/img/n142.png,/guoxue/104294/
六十种曲赠书记,https://a.dushu.com/img/n142.png,/guoxue/104293/
昼帘绪论,https://a.dushu.com/img/n142.png,/guoxue/102575/
明镜公案,https://a.dushu.com/img/n142.png,/guoxue/102574/
新官轨范,https://a.dushu.com/img/n142.png,/guoxue/102573/
新官到任仪注,https://a.dushu.com/img/n142.png,/guoxue/102572/
新吾吕先生实政录,https://a.dushu.com/img/n142.png,/guoxue/102571/
文静涵大守自历言,https://a.dushu.com/img/n142.png,/guoxue/102570/
敬简堂学治杂录,https://a.dushu.com/img/n142.png,/guoxue/102569/
黄氏宝卷,https://a.dushu.com/img/n142.png,/guoxue/104034/
鱼篮宝卷,https://a.dushu.com/img/n142.png,/guoxue/104033/
靖江宝卷,https://a.dushu.com/img/n142.png,/guoxue/104032/
雷峰宝卷,https://a.dushu.com/img/n142.png,/guoxue/104031/
销释大乘正宗神默然宝卷,https://a.dushu.com/img/n142.png,/guoxue/104030/
释疑宝卷,https://a.dushu.com/img/n142.png,/guoxue/104029/
金石经眼录,https://a.dushu.com/img/n142.png,/guoxue/102644/
金石林时地考,https://a.dushu.com/img/n142.png,/guoxue/102643/
金石文考略,https://a.dushu.com/img/n142.png,/guoxue/102642/
金石文字记,https://a.dushu.com/img/n142.png,/guoxue/102641/
迪化县乡土志,https://a.dushu.com/img/n142.png,/guoxue/124118/
连城县志康熙本,https://a.dushu.com/img/n142.png,/guoxue/124117/
辽阳州志,https://a.dushu.com/img/n142.png,/guoxue/124116/
辽东志,https://a.dushu.com/img/n142.png,/guoxue/124115/
趵突泉志,https://a.dushu.com/img/n142.png,/guoxue/124114/
赤雅,https://a.dushu.com/img/n142.png,/guoxue/124113/
赤松山志,https://a.dushu.com/img/n142.png,/guoxue/124112/
皇王大纪,https://a.dushu.com/img/n142.png,/guoxue/101949/
皇清开国方略,https://a.dushu.com/img/n142.png,/guoxue/101948/
御批历代通鉴辑览,https://a.dushu.com/img/n142.png,/guoxue/101947/
御定资治通鉴纲目三编,https://a.dushu.com/img/n142.png,/guoxue/101946/
大事记续编,https://a.dushu.com/img/n142.png,/guoxue/101945/
大事记,https://a.dushu.com/img/n142.png,/guoxue/101944/
唐创业起居注,https://a.dushu.com/img/n142.png,/guoxue/101943/
绥寇纪略,https://a.dushu.com/img/n142.png,/guoxue/102693/
绎史,https://a.dushu.com/img/n142.png,/guoxue/102692/
春秋左传事类始末,https://a.dushu.com/img/n142.png,/guoxue/102691/
平定准噶尔方略,https://a.dushu.com/img/n142.png,/guoxue/102690/
袖中锦,https://a.dushu.com/img/n142.png,/guoxue/105087/
荣枯鉴,https://a.dushu.com/img/n142.png,/guoxue/105086/
日本淫相学,https://a.dushu.com/img/n142.png,/guoxue/105540/
手面相学讲义,https://a.dushu.com/img/n142.png,/guoxue/105539/
医林琐语,https://a.dushu.com/img/n142.png,/guoxue/106529/
史通会要,https://a.dushu.com/img/n142.png,/guoxue/102350/
史纠,https://a.dushu.com/img/n142.png,/guoxue/102349/
诸司职掌,https://a.dushu.com/img/n142.png,/guoxue/102490/
词林典故,https://a.dushu.com/img/n142.png,/guoxue/102489/
西汉会要,https://a.dushu.com/img/n142.png,/guoxue/102488/
觞政,https://a.dushu.com/img/n142.png,/guoxue/106048/
虎丘茶经注补,https://a.dushu.com/img/n142.png,/guoxue/106047/
荈茗录,https://a.dushu.com/img/n142.png,/guoxue/106046/
日本国志,https://a.dushu.com/img/n142.png,/guoxue/102400/
安南传,https://a.dushu.com/img/n142.png,/guoxue/102399/
増订南诏野史,https://a.dushu.com/img/n142.png,/guoxue/102398/
敦煌悬泉汉简,https://a.dushu.com/img/n142.png,/guoxue/102568/
救荒活民书,https://a.dushu.com/img/n142.png,/guoxue/102567/
妇德四箴,https://a.dushu.com/img/n142.png,/guoxue/106803/
辟邪集天学初征再征,https://a.dushu.com/img/n142.png,/guoxue/107523/
玄牝之门赋注释,https://a.dushu.com/img/n142.png,/guoxue/108215/
两汉诏令,https://a.dushu.com/img/n142.png,/guoxue/102778/
玉历宝钞,https://a.dushu.com/img/n142.png,/guoxue/104028/
民间宝卷花名宝卷,https://a.dushu.com/img/n142.png,/guoxue/104027/
梁皇宝卷,https://a.dushu.com/img/n142.png,/guoxue/104026/
北梦琐言,https://a.dushu.com/img/n142.png,/guoxue/102858/
金石录,https://a.dushu.com/img/n142.png,/guoxue/102640/
诸蕃志,https://a.dushu.com/img/n142.png,/guoxue/124025/
诸罗县志,https://a.dushu.com/img/n142.png,/guoxue/124024/
元史续编,https://a.dushu.com/img/n142.png,/guoxue/101942/
九朝编年备要,https://a.dushu.com/img/n142.png,/guoxue/101941/
平定两金川方略,https://a.dushu.com/img/n142.png,/guoxue/102689/
左传纪事本末,https://a.dushu.com/img/n142.png,/guoxue/102688/
示儿长语,https://a.dushu.com/img/n142.png,/guoxue/105085/
琼琚佩语,https://a.dushu.com/img/n142.png,/guoxue/105084/
玉笑零音,https://a.dushu.com/img/n142.png,/guoxue/105083/
手相图解,https://a.dushu.com/img/n142.png,/guoxue/105538/
峰生水起面相篇,https://a.dushu.com/img/n142.png,/guoxue/105537/
医方证治汇编歌诀,https://a.dushu.com/img/n142.png,/guoxue/106528/
医方论,https://a.dushu.com/img/n142.png,/guoxue/106527/
史书占毕,https://a.dushu.com/img/n142.png,/guoxue/102348/
历代通略,https://a.dushu.com/img/n142.png,/guoxue/102347/
补汉兵志,https://a.dushu.com/img/n142.png,/guoxue/102487/
蒙古律书,https://a.dushu.com/img/n142.png,/guoxue/102486/
营造法式,https://a.dushu.com/img/n142.png,/guoxue/102485/
续通志,https://a.dushu.com/img/n142.png,/guoxue/102484/
茶酒论,https://a.dushu.com/img/n142.png,/guoxue/106045/
茶赋并书,https://a.dushu.com/img/n142.png,/guoxue/106044/
茶谱,https://a.dushu.com/img/n142.png,/guoxue/106043/
茶谱,https://a.dushu.com/img/n142.png,/guoxue/106042/
茶谱,https://a.dushu.com/img/n142.png,/guoxue/106041/
茶说,https://a.dushu.com/img/n142.png,/guoxue/106040/
咸宾录,https://a.dushu.com/img/n142.png,/guoxue/102397/
吴越备史,https://a.dushu.com/img/n142.png,/guoxue/102396/
南诏野史,https://a.dushu.com/img/n142.png,/guoxue/102395/
南唐书,https://a.dushu.com/img/n142.png,/guoxue/102394/
十六国春秋,https://a.dushu.com/img/n142.png,/guoxue/102393/
救荒事宜,https://a.dushu.com/img/n142.png,/guoxue/102566/
救命书,https://a.dushu.com/img/n142.png,/guoxue/102565/
政学录,https://a.dushu.com/img/n142.png,/guoxue/102564/
御制官箴,https://a.dushu.com/img/n142.png,/guoxue/102563/
庸吏庸言,https://a.dushu.com/img/n142.png,/guoxue/102562/
平平言,https://a.dushu.com/img/n142.png,/guoxue/102561/
褔建通志臺灣府,https://a.dushu.com/img/n142.png,/guoxue/106802/
福建臺灣奏摺,https://a.dushu.com/img/n142.png,/guoxue/106801/
冯燕传,https://a.dushu.com/img/n142.png,/guoxue/106800/
粉墨丛谈,https://a.dushu.com/img/n142.png,/guoxue/106799/
焚椒录,https://a.dushu.com/img/n142.png,/guoxue/106798/
赞礼地藏菩萨忏愿仪,https://a.dushu.com/img/n142.png,/guoxue/107522/
觅灯因话,https://a.dushu.com/img/n142.png,/guoxue/107521/
见闻录,https://a.dushu.com/img/n142.png,/guoxue/107520/
菩萨戒羯磨文释,https://a.dushu.com/img/n142.png,/guoxue/107519/
菩萨戒本经笺要,https://a.dushu.com/img/n142.png,/guoxue/107518/
菩提道灯,https://a.dushu.com/img/n142.png,/guoxue/107517/
玄机直讲,https://a.dushu.com/img/n142.png,/guoxue/108214/
灵宝毕法,https://a.dushu.com/img/n142.png,/guoxue/108213/
灵宝无量度人上品妙经,https://a.dushu.com/img/n142.png,/guoxue/108212/
海琼传道集,https://a.dushu.com/img/n142.png,/guoxue/108211/
济一子道书十七种,https://a.dushu.com/img/n142.png,/guoxue/108210/
世祖章皇帝圣训,https://a.dushu.com/img/n142.png,/guoxue/102777/
世宗宪皇帝硃批谕旨,https://a.dushu.com/img/n142.png,/guoxue/102776/
世宗宪皇帝圣训,https://a.dushu.com/img/n142.png,/guoxue/102775/
世宗宪皇帝上谕内阁,https://a.dushu.com/img/n142.png,/guoxue/102774/
杏花宝卷,https://a.dushu.com/img/n142.png,/guoxue/104025/
度阴宝卷,https://a.dushu.com/img/n142.png,/guoxue/104024/
宝诰大全,https://a.dushu.com/img/n142.png,/guoxue/104023/
北里志,https://a.dushu.com/img/n142.png,/guoxue/102857/
金石史,https://a.dushu.com/img/n142.png,/guoxue/102639/
西藏风俗记,https://a.dushu.com/img/n142.png,/guoxue/124023/
中兴小纪,https://a.dushu.com/img/n142.png,/guoxue/101940/
宋史纪事本末,https://a.dushu.com/img/n142.png,/guoxue/102687/
圣祖仁皇帝亲征平定朔漠方略,https://a.dushu.com/img/n142.png,/guoxue/102686/
温氏母训,https://a.dushu.com/img/n142.png,/guoxue/105082/
杂纂续,https://a.dushu.com/img/n142.png,/guoxue/105081/
图解面相学,https://a.dushu.com/img/n142.png,/guoxue/105536/
图解手相术,https://a.dushu.com/img/n142.png,/guoxue/105535/
凯帝阿的手相讲座,https://a.dushu.com/img/n142.png,/guoxue/105534/
公笃相法,https://a.dushu.com/img/n142.png,/guoxue/105533/
医方歌括,https://a.dushu.com/img/n142.png,/guoxue/106526/
医家秘奥之脉法解,https://a.dushu.com/img/n142.png,/guoxue/106525/
医学集成,https://a.dushu.com/img/n142.png,/guoxue/106524/
历代名贤确论,https://a.dushu.com/img/n142.png,/guoxue/102346/
六朝通鉴博议,https://a.dushu.com/img/n142.png,/guoxue/102345/
中国哲学史,https://a.dushu.com/img/n142.png,/guoxue/102344/
续通典,https://a.dushu.com/img/n142.png,/guoxue/102483/
福建省外海战船则例,https://a.dushu.com/img/n142.png,/guoxue/102482/
福建省例,https://a.dushu.com/img/n142.png,/guoxue/102481/
皖政辑要,https://a.dushu.com/img/n142.png,/guoxue/102480/
茶说,https://a.dushu.com/img/n142.png,/guoxue/106039/
茶解,https://a.dushu.com/img/n142.png,/guoxue/106038/
茶董,https://a.dushu.com/img/n142.png,/guoxue/106037/
茶考,https://a.dushu.com/img/n142.png,/guoxue/106036/
北风扬沙录,https://a.dushu.com/img/n142.png,/guoxue/102392/
中山传信录,https://a.dushu.com/img/n142.png,/guoxue/102391/
州县须知,https://a.dushu.com/img/n142.png,/guoxue/102560/
泛湖偶记,https://a.dushu.com/img/n142.png,/guoxue/106797/
梵门绮语录,https://a.dushu.com/img/n142.png,/guoxue/106796/
顿子真小传,https://a.dushu.com/img/n142.png,/guoxue/106795/
菩提道次第略论,https://a.dushu.com/img/n142.png,/guoxue/107516/
洞玄子,https://a.dushu.com/img/n142.png,/guoxue/108209/
洗髓经,https://a.dushu.com/img/n142.png,/guoxue/108208/
世宗宪皇帝上谕八旗,https://a.dushu.com/img/n142.png,/guoxue/102773/
皇朝经世文编五集,https://a.dushu.com/img/n142.png,/guoxue/102772/
皇朝经世文编,https://a.dushu.com/img/n142.png,/guoxue/102771/
皇朝经世文续编,https://a.dushu.com/img/n142.png,/guoxue/102770/
何仙姑宝卷,https://a.dushu.com/img/n142.png,/guoxue/104022/
北东园笔录,https://a.dushu.com/img/n142.png,/guoxue/102856/
百可漫志,https://a.dushu.com/img/n142.png,/guoxue/102855/
遂初堂书目,https://a.dushu.com/img/n142.png,/guoxue/102638/
舆地碑记目,https://a.dushu.com/img/n142.png,/guoxue/102637/
西藏方舆,https://a.dushu.com/img/n142.png,/guoxue/124022/
西湖游览志余,https://a.dushu.com/img/n142.png,/guoxue/124021/
西湖水利考,https://a.dushu.com/img/n142.png,/guoxue/124020/
两朝纲目备要,https://a.dushu.com/img/n142.png,/guoxue/101939/
郑史编年辑录,https://a.dushu.com/img/n142.png,/guoxue/101938/
通鉴辑览明季编年,https://a.dushu.com/img/n142.png,/guoxue/101937/
鸿猷录,https://a.dushu.com/img/n142.png,/guoxue/102685/
钦定平定台湾纪略,https://a.dushu.com/img/n142.png,/guoxue/102684/
杂纂新续,https://a.dushu.com/img/n142.png,/guoxue/105080/
杂纂二续,https://a.dushu.com/img/n142.png,/guoxue/105079/
杂纂之纂得确,https://a.dushu.com/img/n142.png,/guoxue/105078/
杂纂之广杂纂,https://a.dushu.com/img/n142.png,/guoxue/105077/
杂纂之义山杂纂,https://a.dushu.com/img/n142.png,/guoxue/105076/
陆斌兆紫微斗数评注,https://a.dushu.com/img/n142.png,/guoxue/105532/
医学发明,https://a.dushu.com/img/n142.png,/guoxue/106523/
医学传心录,https://a.dushu.com/img/n142.png,/guoxue/106522/
医学举要,https://a.dushu.com/img/n142.png,/guoxue/106521/
医垒元戎,https://a.dushu.com/img/n142.png,/guoxue/106520/
中国史学史,https://a.dushu.com/img/n142.png,/guoxue/102343/
两汉纪字句异同考,https://a.dushu.com/img/n142.png,/guoxue/102342/
班马异同论,https://a.dushu.com/img/n142.png,/guoxue/102341/
满洲祭神祭天典礼,https://a.dushu.com/img/n142.png,/guoxue/102479/
清朝通志,https://a.dushu.com/img/n142.png,/guoxue/102478/
清朝通典,https://a.dushu.com/img/n142.png,/guoxue/102477/
茶笺,https://a.dushu.com/img/n142.png,/guoxue/106035/
茶神传,https://a.dushu.com/img/n142.png,/guoxue/106034/
三楚新录,https://a.dushu.com/img/n142.png,/guoxue/102390/
三国史记,https://a.dushu.com/img/n142.png,/guoxue/102389/
殊域周咨录,https://a.dushu.com/img/n142.png,/guoxue/102388/
州县提纲,https://a.dushu.com/img/n142.png,/guoxue/102559/
州县初仕小补,https://a.dushu.com/img/n142.png,/guoxue/102558/
对山馀墨,https://a.dushu.com/img/n142.png,/guoxue/106794/
杜秋传,https://a.dushu.com/img/n142.png,/guoxue/106793/
妒律,https://a.dushu.com/img/n142.png,/guoxue/106792/
菩提道次第摄颂,https://a.dushu.com/img/n142.png,/guoxue/107515/
菩提道次第心论,https://a.dushu.com/img/n142.png,/guoxue/107514/
泥丸李祖师女宗双修宝筏,https://a.dushu.com/img/n142.png,/guoxue/108207/
泄天机,https://a.dushu.com/img/n142.png,/guoxue/108206/
皇朝经世文续编,https://a.dushu.com/img/n142.png,/guoxue/102769/
皇朝经世文统编,https://a.dushu.com/img/n142.png,/guoxue/102768/
皇朝经世文新编续集,https://a.dushu.com/img/n142.png,/guoxue/102767/
五部六册,https://a.dushu.com/img/n142.png,/guoxue/104021/
白虎通义,https://a.dushu.com/img/n142.png,/guoxue/102854/
安乐康平室随笔,https://a.dushu.com/img/n142.png,/guoxue/102853/
绛帖平,https://a.dushu.com/img/n142.png,/guoxue/102636/
籀史,https://a.dushu.com/img/n142.png,/guoxue/102635/
竹云题跋,https://a.dushu.com/img/n142.png,/guoxue/102634/
西南夷风土记,https://a.dushu.com/img/n142.png,/guoxue/124019/
资治通鉴注,https://a.dushu.com/img/n142.png,/guoxue/101936/
资治通鉴外纪,https://a.dushu.com/img/n142.png,/guoxue/101935/
避寇纪略,https://a.dushu.com/img/n142.png,/guoxue/102683/
杂纂三续,https://a.dushu.com/img/n142.png,/guoxue/105075/
许耀焜紫微斗数教学,https://a.dushu.com/img/n142.png,/guoxue/105531/
紫白诀,https://a.dushu.com/img/n142.png,/guoxue/105530/
医医十病,https://a.dushu.com/img/n142.png,/guoxue/106519/
旧晋书九家辑本,https://a.dushu.com/img/n142.png,/guoxue/102340/
新唐书纠谬,https://a.dushu.com/img/n142.png,/guoxue/102339/
清会典台湾事例,https://a.dushu.com/img/n142.png,/guoxue/102476/
江苏省通志稿司法志,https://a.dushu.com/img/n142.png,/guoxue/102475/
茶寮记,https://a.dushu.com/img/n142.png,/guoxue/106033/
茶具图赞,https://a.dushu.com/img/n142.png,/guoxue/106032/
北风扬沙录,https://a.dushu.com/img/n142.png,/guoxue/102387/
十六国春秋别传,https://a.dushu.com/img/n142.png,/guoxue/102386/
州县事宜,https://a.dushu.com/img/n142.png,/guoxue/102557/
居官镜,https://a.dushu.com/img/n142.png,/guoxue/102556/
读红楼梦杂记,https://a.dushu.com/img/n142.png,/guoxue/106791/
洞箫记,https://a.dushu.com/img/n142.png,/guoxue/106790/
菩提道次第广论,https://a.dushu.com/img/n142.png,/guoxue/107513/
菩提达摩南宗定是非论,https://a.dushu.com/img/n142.png,/guoxue/107512/
荷泽神会禅师语录,https://a.dushu.com/img/n142.png,/guoxue/107511/
水石闲谈,https://a.dushu.com/img/n142.png,/guoxue/108205/
梅华问答,https://a.dushu.com/img/n142.png,/guoxue/108204/
皇朝经世文新编,https://a.dushu.com/img/n142.png,/guoxue/102766/
皇朝经世文四编,https://a.dushu.com/img/n142.png,/guoxue/102765/
皇朝经世文三编,https://a.dushu.com/img/n142.png,/guoxue/102764/
大宋宣和遗事,https://a.dushu.com/img/n142.png,/guoxue/102852/
兴复哈密国王记,https://a.dushu.com/img/n142.png,/guoxue/102851/
庚申外史,https://a.dushu.com/img/n142.png,/guoxue/102850/
东观奏记,https://a.dushu.com/img/n142.png,/guoxue/102849/
石经考,https://a.dushu.com/img/n142.png,/guoxue/102633/
补陀洛迦山传,https://a.dushu.com/img/n142.png,/guoxue/124018/
蜀中广记,https://a.dushu.com/img/n142.png,/guoxue/123975/
蓬山志,https://a.dushu.com/img/n142.png,/guoxue/123974/
蒲犁厅乡土志,https://a.dushu.com/img/n142.png,/guoxue/123973/
竹书纪年辑证,https://a.dushu.com/img/n142.png,/guoxue/101934/
竹书纪年,https://a.dushu.com/img/n142.png,/guoxue/101933/
明通鉴,https://a.dushu.com/img/n142.png,/guoxue/101932/
遇变纪略,https://a.dushu.com/img/n142.png,/guoxue/102682/
辛亥四川路事纪略,https://a.dushu.com/img/n142.png,/guoxue/102681/
朱子家训,https://a.dushu.com/img/n142.png,/guoxue/105074/
明心宝鉴,https://a.dushu.com/img/n142.png,/guoxue/105073/
紫微格局研究,https://a.dushu.com/img/n142.png,/guoxue/105529/
紫微斗数资料汇编,https://a.dushu.com/img/n142.png,/guoxue/105528/
医中一得,https://a.dushu.com/img/n142.png,/guoxue/106518/
劝读十则,https://a.dushu.com/img/n142.png,/guoxue/106517/
后汉书八家辑注,https://a.dushu.com/img/n142.png,/guoxue/102338/
汉官旧仪,https://a.dushu.com/img/n142.png,/guoxue/102474/
晚清新编陆军战法兵语字汇,https://a.dushu.com/img/n142.png,/guoxue/102473/
茗谭,https://a.dushu.com/img/n142.png,/guoxue/106031/
茗笈,https://a.dushu.com/img/n142.png,/guoxue/106030/
吴越备史,https://a.dushu.com/img/n142.png,/guoxue/102385/
江南野史,https://a.dushu.com/img/n142.png,/guoxue/102384/
居官水镜,https://a.dushu.com/img/n142.png,/guoxue/102555/
居官格言,https://a.dushu.com/img/n142.png,/guoxue/102554/
東征集,https://a.dushu.com/img/n142.png,/guoxue/106789/
般若波罗蜜多心经释要,https://a.dushu.com/img/n142.png,/guoxue/107510/
续高僧传,https://a.dushu.com/img/n142.png,/guoxue/107509/
栖云真人王志谨盘山语录,https://a.dushu.com/img/n142.png,/guoxue/108203/
皇明经世文编,https://a.dushu.com/img/n142.png,/guoxue/102763/
九州春秋,https://a.dushu.com/img/n142.png,/guoxue/102848/
步里客谈,https://a.dushu.com/img/n142.png,/guoxue/102847/
中朝故事,https://a.dushu.com/img/n142.png,/guoxue/102846/
石墨镌华,https://a.dushu.com/img/n142.png,/guoxue/102632/
石刻铺叙,https://a.dushu.com/img/n142.png,/guoxue/102631/
莲峰志,https://a.dushu.com/img/n142.png,/guoxue/123972/
建炎以来系年要录,https://a.dushu.com/img/n142.png,/guoxue/101931/
小腆纪年,https://a.dushu.com/img/n142.png,/guoxue/101930/
蜀鉴,https://a.dushu.com/img/n142.png,/guoxue/102680/
续明纪事本末,https://a.dushu.com/img/n142.png,/guoxue/102679/
教女遗规,https://a.dushu.com/img/n142.png,/guoxue/105072/
戒子通录,https://a.dushu.com/img/n142.png,/guoxue/105071/
紫微斗数资料,https://a.dushu.com/img/n142.png,/guoxue/105527/
紫微斗数论命要诀,https://a.dushu.com/img/n142.png,/guoxue/105526/
紫微斗数讲义,https://a.dushu.com/img/n142.png,/guoxue/105525/
紫微斗数解说,https://a.dushu.com/img/n142.png,/guoxue/105524/
刘河间伤寒医鉴,https://a.dushu.com/img/n142.png,/guoxue/106516/
凌门传授铜人指穴,https://a.dushu.com/img/n142.png,/guoxue/106515/
五代史纂误,https://a.dushu.com/img/n142.png,/guoxue/102337/
两汉刊误补遗,https://a.dushu.com/img/n142.png,/guoxue/102336/
晋政辑要,https://a.dushu.com/img/n142.png,/guoxue/102472/
明宫史,https://a.dushu.com/img/n142.png,/guoxue/102471/
明会要,https://a.dushu.com/img/n142.png,/guoxue/102470/
明代律例汇编,https://a.dushu.com/img/n142.png,/guoxue/102469/
新竹县制度考,https://a.dushu.com/img/n142.png,/guoxue/102468/
茗史,https://a.dushu.com/img/n142.png,/guoxue/106029/
江南馀载,https://a.dushu.com/img/n142.png,/guoxue/102383/
居官日省录,https://a.dushu.com/img/n142.png,/guoxue/102553/
居官必要为政便览,https://a.dushu.com/img/n142.png,/guoxue/102552/
居官寡过录,https://a.dushu.com/img/n142.png,/guoxue/102551/
宦海慈航,https://a.dushu.com/img/n142.png,/guoxue/102550/
宦乡要则,https://a.dushu.com/img/n142.png,/guoxue/102549/
東瀛紀事,https://a.dushu.com/img/n142.png,/guoxue/106788/
東溟奏稿,https://a.dushu.com/img/n142.png,/guoxue/106787/
東南紀事,https://a.dushu.com/img/n142.png,/guoxue/106786/
精校炖煌本坛经,https://a.dushu.com/img/n142.png,/guoxue/107508/
禅苑蒙求,https://a.dushu.com/img/n142.png,/guoxue/107507/
服气精义论,https://a.dushu.com/img/n142.png,/guoxue/108202/
方壶外史,https://a.dushu.com/img/n142.png,/guoxue/108201/
敲爻歌,https://a.dushu.com/img/n142.png,/guoxue/108200/
慧命经,https://a.dushu.com/img/n142.png,/guoxue/108199/
悟道录,https://a.dushu.com/img/n142.png,/guoxue/108198/
龙源夜话,https://a.dushu.com/img/n142.png,/guoxue/102762/
雍正朱批奏折选辑,https://a.dushu.com/img/n142.png,/guoxue/102761/
道咸同光四朝奏议选辑,https://a.dushu.com/img/n142.png,/guoxue/102760/
大宋宣和遗事,https://a.dushu.com/img/n142.png,/guoxue/102845/
南村辍耕录,https://a.dushu.com/img/n142.png,/guoxue/102844/
开元天宝遗事,https://a.dushu.com/img/n142.png,/guoxue/102843/
淳化秘阁法帖考正,https://a.dushu.com/img/n142.png,/guoxue/102630/
法帖释文考异,https://a.dushu.com/img/n142.png,/guoxue/102629/
法帖释文,https://a.dushu.com/img/n142.png,/guoxue/102628/
宋季三朝政要,https://a.dushu.com/img/n142.png,/guoxue/101929/
后汉纪,https://a.dushu.com/img/n142.png,/guoxue/101928/
粤逆纪略,https://a.dushu.com/img/n142.png,/guoxue/102678/
粤匪犯湖南纪略,https://a.dushu.com/img/n142.png,/guoxue/102677/
炎徼纪闻,https://a.dushu.com/img/n142.png,/guoxue/102676/
戒子益恩书,https://a.dushu.com/img/n142.png,/guoxue/105070/
戒子孙,https://a.dushu.com/img/n142.png,/guoxue/105069/
度心术,https://a.dushu.com/img/n142.png,/guoxue/105068/
紫微斗数精成,https://a.dushu.com/img/n142.png,/guoxue/105523/
紫微斗数应用讲义,https://a.dushu.com/img/n142.png,/guoxue/105522/
紫微斗数学习的心路历程,https://a.dushu.com/img/n142.png,/guoxue/105521/
内经药瀹,https://a.dushu.com/img/n142.png,/guoxue/106514/
内外伤辨惑论,https://a.dushu.com/img/n142.png,/guoxue/106513/
养生随笔,https://a.dushu.com/img/n142.png,/guoxue/106512/
三国史辨误,https://a.dushu.com/img/n142.png,/guoxue/102335/
宋论,https://a.dushu.com/img/n142.png,/guoxue/102334/
捕蝗考,https://a.dushu.com/img/n142.png,/guoxue/102467/
总制浙闽文檄,https://a.dushu.com/img/n142.png,/guoxue/102466/
康熙政要,https://a.dushu.com/img/n142.png,/guoxue/102465/
膳夫录,https://a.dushu.com/img/n142.png,/guoxue/106028/
续易牙遗意,https://a.dushu.com/img/n142.png,/guoxue/106027/
官箴集要,https://a.dushu.com/img/n142.png,/guoxue/102548/
東槎紀略,https://a.dushu.com/img/n142.png,/guoxue/106785/
滇黔土司婚礼记,https://a.dushu.com/img/n142.png,/guoxue/106784/
禅林僧宝传,https://a.dushu.com/img/n142.png,/guoxue/107506/
神会禅话录,https://a.dushu.com/img/n142.png,/guoxue/107505/
相宗络索,https://a.dushu.com/img/n142.png,/guoxue/107504/
悟真篇阐幽,https://a.dushu.com/img/n142.png,/guoxue/108197/
悟真篇,https://a.dushu.com/img/n142.png,/guoxue/108196/
悟真直指,https://a.dushu.com/img/n142.png,/guoxue/108195/
谠论集,https://a.dushu.com/img/n142.png,/guoxue/102759/
燕京岁时记,https://a.dushu.com/img/n142.png,/guoxue/102842/
法帖谱系,https://a.dushu.com/img/n142.png,/guoxue/102627/
法帖刊误,https://a.dushu.com/img/n142.png,/guoxue/102626/
汉艺文志考证,https://a.dushu.com/img/n142.png,/guoxue/102625/
求古录,https://a.dushu.com/img/n142.png,/guoxue/102624/
滇考,https://a.dushu.com/img/n142.png,/guoxue/102675/
江变纪略,https://a.dushu.com/img/n142.png,/guoxue/102674/
明史纪事本末,https://a.dushu.com/img/n142.png,/guoxue/102673/
拳变纪略,https://a.dushu.com/img/n142.png,/guoxue/102672/
弘光朝伪东宫伪后及党祸纪略,https://a.dushu.com/img/n142.png,/guoxue/102671/
幽梦续影,https://a.dushu.com/img/n142.png,/guoxue/105067/
居家必知,https://a.dushu.com/img/n142.png,/guoxue/105066/
居家必用事类全集,https://a.dushu.com/img/n142.png,/guoxue/105065/
紫微快速推断法,https://a.dushu.com/img/n142.png,/guoxue/105520/
紫微中至,https://a.dushu.com/img/n142.png,/guoxue/105519/
养生肤语,https://a.dushu.com/img/n142.png,/guoxue/106511/
养生三要,https://a.dushu.com/img/n142.png,/guoxue/106510/
养性延命录,https://a.dushu.com/img/n142.png,/guoxue/106509/
八十一难经,https://a.dushu.com/img/n142.png,/guoxue/106508/
傅青主男科重编考释,https://a.dushu.com/img/n142.png,/guoxue/106507/
读通鉴论,https://a.dushu.com/img/n142.png,/guoxue/102333/
史通通释,https://a.dushu.com/img/n142.png,/guoxue/102332/
三国杂事,https://a.dushu.com/img/n142.png,/guoxue/102331/
庙学典礼,https://a.dushu.com/img/n142.png,/guoxue/102464/
宋建隆详定刑统 宋刑统,https://a.dushu.com/img/n142.png,/guoxue/102463/
续北山酒经,https://a.dushu.com/img/n142.png,/guoxue/106026/
煎茶水记,https://a.dushu.com/img/n142.png,/guoxue/106025/
浦江吴氏中馈录,https://a.dushu.com/img/n142.png,/guoxue/106024/
洞山岕茶系,https://a.dushu.com/img/n142.png,/guoxue/106023/
本朝茶法,https://a.dushu.com/img/n142.png,/guoxue/106022/
本心斋疏食谱,https://a.dushu.com/img/n142.png,/guoxue/106021/
张伯渊茶录,https://a.dushu.com/img/n142.png,/guoxue/106020/
学治说赘,https://a.dushu.com/img/n142.png,/guoxue/102547/
学治识端,https://a.dushu.com/img/n142.png,/guoxue/102546/
学治续说,https://a.dushu.com/img/n142.png,/guoxue/102545/
帝城花样,https://a.dushu.com/img/n142.png,/guoxue/106783/
荻楼杂抄,https://a.dushu.com/img/n142.png,/guoxue/106782/
悼亡词,https://a.dushu.com/img/n142.png,/guoxue/106781/
相宗八要直解,https://a.dushu.com/img/n142.png,/guoxue/107503/
灵峰蕅益大师宗论,https://a.dushu.com/img/n142.png,/guoxue/107502/
法藏碎金录,https://a.dushu.com/img/n142.png,/guoxue/107501/
悟玄篇,https://a.dushu.com/img/n142.png,/guoxue/108194/
性命要旨,https://a.dushu.com/img/n142.png,/guoxue/108193/
性命圭旨,https://a.dushu.com/img/n142.png,/guoxue/108192/
谕对录,https://a.dushu.com/img/n142.png,/guoxue/102758/
讷谿奏疏,https://a.dushu.com/img/n142.png,/guoxue/102757/
范文正奏议,https://a.dushu.com/img/n142.png,/guoxue/102756/
福建台湾奏摺,https://a.dushu.com/img/n142.png,/guoxue/102755/
玉堂公草,https://a.dushu.com/img/n142.png,/guoxue/102754/
梁公九谏,https://a.dushu.com/img/n142.png,/guoxue/102841/
开天传信记,https://a.dushu.com/img/n142.png,/guoxue/102840/
北梦琐言,https://a.dushu.com/img/n142.png,/guoxue/102839/
唐阙史,https://a.dushu.com/img/n142.png,/guoxue/102838/
山海经校注,https://a.dushu.com/img/n142.png,/guoxue/102837/
北里志,https://a.dushu.com/img/n142.png,/guoxue/102836/
定命录,https://a.dushu.com/img/n142.png,/guoxue/102835/
来斋金石刻考略,https://a.dushu.com/img/n142.png,/guoxue/102623/
授经图义例,https://a.dushu.com/img/n142.png,/guoxue/102622/
嵩阳石刻集记,https://a.dushu.com/img/n142.png,/guoxue/102621/
宝刻类编,https://a.dushu.com/img/n142.png,/guoxue/102620/
宝刻丛编,https://a.dushu.com/img/n142.png,/guoxue/102619/
吴中金石新编,https://a.dushu.com/img/n142.png,/guoxue/102618/
名迹录,https://a.dushu.com/img/n142.png,/guoxue/102617/
兰亭考,https://a.dushu.com/img/n142.png,/guoxue/102616/
平定三逆方略,https://a.dushu.com/img/n142.png,/guoxue/102670/
平回纪略,https://a.dushu.com/img/n142.png,/guoxue/102669/
平台纪略,https://a.dushu.com/img/n142.png,/guoxue/102668/
固山贝子平定三郡纪略,https://a.dushu.com/img/n142.png,/guoxue/102667/
嘉定屠城纪略,https://a.dushu.com/img/n142.png,/guoxue/102666/
元史纪事本末,https://a.dushu.com/img/n142.png,/guoxue/102665/
家诫要言,https://a.dushu.com/img/n142.png,/guoxue/105064/
家范,https://a.dushu.com/img/n142.png,/guoxue/105063/
家政须知,https://a.dushu.com/img/n142.png,/guoxue/105062/
紫云派基础讲义,https://a.dushu.com/img/n142.png,/guoxue/105518/
王亭之谈斗数,https://a.dushu.com/img/n142.png,/guoxue/105517/
易算紫微斗数讲义,https://a.dushu.com/img/n142.png,/guoxue/105516/
四化飞宫,https://a.dushu.com/img/n142.png,/guoxue/105515/
佛点头脉诀,https://a.dushu.com/img/n142.png,/guoxue/106506/
余无言医案及医话,https://a.dushu.com/img/n142.png,/guoxue/106505/
伤科汇纂,https://a.dushu.com/img/n142.png,/guoxue/106504/
伤科方书,https://a.dushu.com/img/n142.png,/guoxue/106503/
伤寒辨要笺记,https://a.dushu.com/img/n142.png,/guoxue/106502/
伤寒证治准绳,https://a.dushu.com/img/n142.png,/guoxue/106501/
岕茶笺,https://a.dushu.com/img/n142.png,/guoxue/106019/
学仕遗规补编,https://a.dushu.com/img/n142.png,/guoxue/102544/
学仕遗规,https://a.dushu.com/img/n142.png,/guoxue/102543/
代少年谢狎妓书,https://a.dushu.com/img/n142.png,/guoxue/106780/
代某校书谢某狎客馈送局帐启,https://a.dushu.com/img/n142.png,/guoxue/106779/
黛史,https://a.dushu.com/img/n142.png,/guoxue/106778/
戴施兩案紀略,https://a.dushu.com/img/n142.png,/guoxue/106777/
法海观澜,https://a.dushu.com/img/n142.png,/guoxue/107500/
永嘉证道歌,https://a.dushu.com/img/n142.png,/guoxue/107499/
毗尼后集问辩,https://a.dushu.com/img/n142.png,/guoxue/107498/
楞伽阿跋多罗宝经玄义,https://a.dushu.com/img/n142.png,/guoxue/107497/
楞伽阿跋多罗宝经义疏,https://a.dushu.com/img/n142.png,/guoxue/107496/
梵门绮语录三种,https://a.dushu.com/img/n142.png,/guoxue/107495/
梵网经忏悔行法,https://a.dushu.com/img/n142.png,/guoxue/107494/
杨岐方会和尚语录后录,https://a.dushu.com/img/n142.png,/guoxue/107493/
御制周颠仙人传,https://a.dushu.com/img/n142.png,/guoxue/108191/
归藏,https://a.dushu.com/img/n142.png,/guoxue/108190/
张三丰先生全集,https://a.dushu.com/img/n142.png,/guoxue/108189/
庄子通,https://a.dushu.com/img/n142.png,/guoxue/108188/
庄子注,https://a.dushu.com/img/n142.png,/guoxue/108187/
庄子内篇注,https://a.dushu.com/img/n142.png,/guoxue/108186/
潘司空奏疏,https://a.dushu.com/img/n142.png,/guoxue/102753/
清奏疏选汇,https://a.dushu.com/img/n142.png,/guoxue/102752/
清太祖高皇帝圣训,https://a.dushu.com/img/n142.png,/guoxue/102751/
洪承畴章奏文册汇辑,https://a.dushu.com/img/n142.png,/guoxue/102750/
杨勇悫公奏议,https://a.dushu.com/img/n142.png,/guoxue/102749/
朝野佥载,https://a.dushu.com/img/n142.png,/guoxue/102834/
归田录,https://a.dushu.com/img/n142.png,/guoxue/102833/
河东记,https://a.dushu.com/img/n142.png,/guoxue/102831/
大唐传载,https://a.dushu.com/img/n142.png,/guoxue/102830/
汉杂事秘辛,https://a.dushu.com/img/n142.png,/guoxue/102829/
明皇杂录,https://a.dushu.com/img/n142.png,/guoxue/102828/
兰亭续考,https://a.dushu.com/img/n142.png,/guoxue/102615/
万氏石经考,https://a.dushu.com/img/n142.png,/guoxue/102614/
铁琴铜剑楼藏书目录,https://a.dushu.com/img/n142.png,/guoxue/102613/
会匪纪略,https://a.dushu.com/img/n142.png,/guoxue/102664/
东林本末,https://a.dushu.com/img/n142.png,/guoxue/102663/
东林始末,https://a.dushu.com/img/n142.png,/guoxue/102662/
三藩纪事本末,https://a.dushu.com/img/n142.png,/guoxue/102661/
浙东纪略,https://a.dushu.com/img/n142.png,/guoxue/102660/
辛亥四川路事纪略,https://a.dushu.com/img/n142.png,/guoxue/102659/
家庭宝筏,https://a.dushu.com/img/n142.png,/guoxue/105061/
女诫,https://a.dushu.com/img/n142.png,/guoxue/105060/
女论语,https://a.dushu.com/img/n142.png,/guoxue/105059/
处世悬镜,https://a.dushu.com/img/n142.png,/guoxue/105058/
善俗要义,https://a.dushu.com/img/n142.png,/guoxue/105057/
九千飞星,https://a.dushu.com/img/n142.png,/guoxue/105514/
中州派紫微斗数深造讲义,https://a.dushu.com/img/n142.png,/guoxue/105513/
中州派六十星系,https://a.dushu.com/img/n142.png,/guoxue/105512/
大观园图说,https://a.dushu.com/img/n142.png,/guoxue/106776/
春人赋,https://a.dushu.com/img/n142.png,/guoxue/106775/
春娘传,https://a.dushu.com/img/n142.png,/guoxue/106774/
春闺杂咏（用上下平韵）,https://a.dushu.com/img/n142.png,/guoxue/106773/
醋说,https://a.dushu.com/img/n142.png,/guoxue/106772/
從征實錄,https://a.dushu.com/img/n142.png,/guoxue/106771/
重修臺灣縣志,https://a.dushu.com/img/n142.png,/guoxue/106770/
重修臺灣府志,https://a.dushu.com/img/n142.png,/guoxue/106769/
重修福建臺灣府志,https://a.dushu.com/img/n142.png,/guoxue/106768/
重修臺灣府志,https://a.dushu.com/img/n142.png,/guoxue/106767/
赤嵌集,https://a.dushu.com/img/n142.png,/guoxue/106766/
教观纲宗释义,https://a.dushu.com/img/n142.png,/guoxue/107492/
教外别传,https://a.dushu.com/img/n142.png,/guoxue/107491/
敕修百丈清规,https://a.dushu.com/img/n142.png,/guoxue/107490/
摩尼教残经,https://a.dushu.com/img/n142.png,/guoxue/107489/
摩尼光佛教法仪略,https://a.dushu.com/img/n142.png,/guoxue/107488/
成唯识论观心法要,https://a.dushu.com/img/n142.png,/guoxue/107487/
憨山老人梦游集,https://a.dushu.com/img/n142.png,/guoxue/107486/
御制金刚般若波罗蜜经集注,https://a.dushu.com/img/n142.png,/guoxue/107485/
御制神僧传,https://a.dushu.com/img/n142.png,/guoxue/107484/
幻真先生服内元气诀,https://a.dushu.com/img/n142.png,/guoxue/108185/
女子丹经汇编,https://a.dushu.com/img/n142.png,/guoxue/108184/
女丹合编选注,https://a.dushu.com/img/n142.png,/guoxue/108183/
女丹十则,https://a.dushu.com/img/n142.png,/guoxue/108182/
太虚集录,https://a.dushu.com/img/n142.png,/guoxue/108181/
太清中黄真经,https://a.dushu.com/img/n142.png,/guoxue/108180/
太乙金华宗旨,https://a.dushu.com/img/n142.png,/guoxue/108179/
李文襄公奏疏与文移,https://a.dushu.com/img/n142.png,/guoxue/102748/
明英宗宝训,https://a.dushu.com/img/n142.png,/guoxue/102747/
明穆宗宝训,https://a.dushu.com/img/n142.png,/guoxue/102746/
明神宗宝训,https://a.dushu.com/img/n142.png,/guoxue/102745/
明熹宗宝训,https://a.dushu.com/img/n142.png,/guoxue/102744/
明武宗宝训,https://a.dushu.com/img/n142.png,/guoxue/102743/
明宪宗宝训,https://a.dushu.com/img/n142.png,/guoxue/102742/
明宣宗宝训,https://a.dushu.com/img/n142.png,/guoxue/102741/
燕丹子,https://a.dushu.com/img/n142.png,/guoxue/102827/
次柳氏旧闻,https://a.dushu.com/img/n142.png,/guoxue/102826/
穆天子传,https://a.dushu.com/img/n142.png,/guoxue/102825/
